-- MySQL dump 10.19  Distrib 10.3.39-MariaDB, for debian-linux-gnu (x86_64)
--
-- Host: localhost    Database: gaceta
-- ------------------------------------------------------
-- Server version	10.3.39-MariaDB-0ubuntu0.20.04.2

/*!40101 SET @OLD_CHARACTER_SET_CLIENT=@@CHARACTER_SET_CLIENT */;
/*!40101 SET @OLD_CHARACTER_SET_RESULTS=@@CHARACTER_SET_RESULTS */;
/*!40101 SET @OLD_COLLATION_CONNECTION=@@COLLATION_CONNECTION */;
/*!40101 SET NAMES utf8mb4 */;
/*!40103 SET @OLD_TIME_ZONE=@@TIME_ZONE */;
/*!40103 SET TIME_ZONE='+00:00' */;
/*!40014 SET @OLD_UNIQUE_CHECKS=@@UNIQUE_CHECKS, UNIQUE_CHECKS=0 */;
/*!40014 SET @OLD_FOREIGN_KEY_CHECKS=@@FOREIGN_KEY_CHECKS, FOREIGN_KEY_CHECKS=0 */;
/*!40101 SET @OLD_SQL_MODE=@@SQL_MODE, SQL_MODE='NO_AUTO_VALUE_ON_ZERO' */;
/*!40111 SET @OLD_SQL_NOTES=@@SQL_NOTES, SQL_NOTES=0 */;

--
-- Table structure for table `data_rows`
--

DROP TABLE IF EXISTS `data_rows`;
/*!40101 SET @saved_cs_client     = @@character_set_client */;
/*!40101 SET character_set_client = utf8 */;
CREATE TABLE `data_rows` (
  `id` int(10) unsigned NOT NULL AUTO_INCREMENT,
  `data_type_id` int(10) unsigned NOT NULL,
  `field` varchar(255) NOT NULL,
  `type` varchar(255) NOT NULL,
  `display_name` varchar(255) NOT NULL,
  `required` tinyint(1) NOT NULL DEFAULT 0,
  `browse` tinyint(1) NOT NULL DEFAULT 1,
  `read` tinyint(1) NOT NULL DEFAULT 1,
  `edit` tinyint(1) NOT NULL DEFAULT 1,
  `add` tinyint(1) NOT NULL DEFAULT 1,
  `delete` tinyint(1) NOT NULL DEFAULT 1,
  `details` text DEFAULT NULL,
  `order` int(11) NOT NULL DEFAULT 1,
  PRIMARY KEY (`id`),
  KEY `data_rows_data_type_id_foreign` (`data_type_id`),
  CONSTRAINT `data_rows_data_type_id_foreign` FOREIGN KEY (`data_type_id`) REFERENCES `data_types` (`id`) ON DELETE CASCADE ON UPDATE CASCADE
) ENGINE=InnoDB AUTO_INCREMENT=65 DEFAULT CHARSET=utf8mb4 COLLATE=utf8mb4_unicode_ci;
/*!40101 SET character_set_client = @saved_cs_client */;

--
-- Dumping data for table `data_rows`
--

LOCK TABLES `data_rows` WRITE;
/*!40000 ALTER TABLE `data_rows` DISABLE KEYS */;
INSERT INTO `data_rows` VALUES (1,1,'id','number','ID',1,0,0,0,0,0,NULL,1),(2,1,'name','text','Name',1,1,1,1,1,1,NULL,2),(3,1,'email','text','Email',1,1,1,1,1,1,NULL,3),(4,1,'password','password','Password',1,0,0,1,1,0,NULL,4),(5,1,'remember_token','text','Remember Token',0,0,0,0,0,0,NULL,5),(6,1,'created_at','timestamp','Created At',0,1,1,0,0,0,NULL,6),(7,1,'updated_at','timestamp','Updated At',0,0,0,0,0,0,NULL,7),(8,1,'avatar','image','Avatar',0,1,1,1,1,1,NULL,8),(9,1,'user_belongsto_role_relationship','relationship','Role',0,1,1,1,1,0,'{\"model\":\"TCG\\\\Voyager\\\\Models\\\\Role\",\"table\":\"roles\",\"type\":\"belongsTo\",\"column\":\"role_id\",\"key\":\"id\",\"label\":\"display_name\",\"pivot_table\":\"roles\",\"pivot\":0}',10),(10,1,'user_belongstomany_role_relationship','relationship','Roles',0,1,1,1,1,0,'{\"model\":\"TCG\\\\Voyager\\\\Models\\\\Role\",\"table\":\"roles\",\"type\":\"belongsToMany\",\"column\":\"id\",\"key\":\"id\",\"label\":\"display_name\",\"pivot_table\":\"user_roles\",\"pivot\":\"1\",\"taggable\":\"0\"}',11),(11,1,'settings','hidden','Settings',0,0,0,0,0,0,NULL,12),(12,2,'id','number','ID',1,0,0,0,0,0,NULL,1),(13,2,'name','text','Name',1,1,1,1,1,1,NULL,2),(14,2,'created_at','timestamp','Created At',0,0,0,0,0,0,NULL,3),(15,2,'updated_at','timestamp','Updated At',0,0,0,0,0,0,NULL,4),(16,3,'id','number','ID',1,0,0,0,0,0,NULL,1),(17,3,'name','text','Name',1,1,1,1,1,1,NULL,2),(18,3,'created_at','timestamp','Created At',0,0,0,0,0,0,NULL,3),(19,3,'updated_at','timestamp','Updated At',0,0,0,0,0,0,NULL,4),(20,3,'display_name','text','Display Name',1,1,1,1,1,1,NULL,5),(21,1,'role_id','text','Role',1,1,1,1,1,1,NULL,9),(22,4,'id','text','Id',1,1,1,0,0,0,'{}',1),(23,4,'key','text','Clave',1,1,1,1,1,1,'{\"validation\":{\"rule\":\"required|max:30\"}}',2),(24,4,'table_name','text','Tabla',0,1,1,1,1,1,'{\"validation\":{\"rule\":\"required|max:30\"}}',3),(25,4,'created_at','timestamp','Creado',0,1,1,0,0,0,'{}',4),(26,4,'updated_at','timestamp','Updated At',0,0,0,0,0,0,'{}',5),(27,5,'id','text','Id',1,1,1,0,0,0,'{}',1),(28,5,'title','text','Título',0,1,1,1,1,1,'{\"validation\":{\"rule\":\"required|max:191\"},\"display\":{\"width\":6}}',2),(29,5,'image','image','Banner',0,1,1,1,1,1,'{}',5),(30,5,'description','text_area','Descripción',0,0,1,1,1,1,'{}',6),(31,5,'created_at','timestamp','Creación',0,1,1,0,0,0,'{}',7),(32,5,'updated_at','timestamp','Updated At',0,0,0,0,0,0,'{}',8),(33,5,'deleted_at','timestamp','Deleted At',0,0,0,0,0,0,'{}',9),(34,6,'id','text','Id',1,1,1,0,0,0,'{}',1),(35,6,'publications_type_id','text','Publications Type Id',0,1,1,1,1,1,'{}',2),(36,6,'user_id','hidden','User Id',0,0,0,1,1,1,'{}',3),(37,6,'title','text','Título',0,1,1,1,1,1,'{\"validation\":{\"rule\":\"required|max:191\"}}',5),(38,6,'description','text_area','Descripción',0,0,1,1,1,1,'{}',6),(39,6,'publish_date','date','Fecha de publicación',0,1,1,1,1,1,'{\"display\":{\"width\":6}}',10),(40,6,'enact_date','date','Fecha de promulgación',0,1,1,1,1,1,'{\"validation\":{\"rule\":\"required\"},\"display\":{\"width\":6}}',9),(41,6,'file','file','Archivo',0,0,1,1,1,1,'{\"display\":{\"width\":6}}',8),(42,6,'highlight','checkbox','Destacado',0,1,1,1,1,1,'{\"on\":\"Si\",\"off\":\"No\",\"checked\":false,\"display\":{\"width\":6}}',11),(43,6,'view','text','Visualizaciones',0,0,1,0,0,0,'{\"display\":{\"width\":6}}',12),(44,6,'created_at','timestamp','Creación',0,1,1,0,0,0,'{}',13),(45,6,'updated_at','timestamp','Updated At',0,0,0,0,0,0,'{}',14),(46,6,'deleted_at','timestamp','Deleted At',0,0,0,0,0,0,'{}',15),(47,6,'publication_belongsto_publications_type_relationship','relationship','Tipo',1,1,1,1,1,1,'{\"model\":\"App\\\\Models\\\\PublicationsType\",\"table\":\"publications_types\",\"type\":\"belongsTo\",\"column\":\"publications_type_id\",\"key\":\"id\",\"label\":\"title\",\"pivot_table\":\"data_rows\",\"pivot\":\"0\",\"taggable\":\"0\"}',4),(48,5,'icon','text','Icono',0,1,1,1,1,1,'{\"validation\":{\"rule\":\"required|max:191\"},\"display\":{\"width\":6}}',4),(49,5,'slug','hidden','Slug',0,0,0,1,1,1,'{\"slugify\":{\"origin\":\"title\",\"forceUpdate\":true}}',3),(50,7,'id','text','Id',1,1,1,0,0,0,'{}',1),(51,7,'full_name','text','Nombre completo',0,1,1,1,1,1,'{\"validation\":{\"rule\":\"required|max:191\"}}',2),(52,7,'job','text','Cargo',1,1,1,1,1,1,'{\"validation\":{\"rule\":\"required|max:191\"},\"display\":{\"width\":6}}',3),(53,7,'image','image','Fotografía',0,1,1,1,1,1,'{\"display\":{\"width\":6}}',4),(54,7,'description','text_area','Descripción',0,1,1,1,1,1,'{}',5),(55,7,'created_at','timestamp','Creación',0,1,1,0,0,0,'{}',6),(56,7,'updated_at','timestamp','Updated At',0,0,0,0,0,0,'{}',7),(57,7,'deleted_at','timestamp','Deleted At',0,0,0,0,0,0,'{}',8),(58,8,'id','text','Id',1,1,1,0,0,0,'{}',1),(59,8,'title','text_area','Título',0,1,1,1,1,1,'{\"validation\":{\"rule\":\"required\"}}',2),(60,8,'description','rich_text_box','Descripción',0,1,1,1,1,1,'{\"validation\":{\"rule\":\"required\"}}',3),(61,8,'created_at','timestamp','Creación',0,1,1,0,0,0,'{}',4),(62,8,'updated_at','timestamp','Updated At',0,0,0,0,0,0,'{}',5),(63,8,'deleted_at','timestamp','Deleted At',0,0,0,0,0,0,'{}',6),(64,6,'tags','text','Tags',0,0,1,1,1,1,'{\"display\":{\"width\":6}}',7);
/*!40000 ALTER TABLE `data_rows` ENABLE KEYS */;
UNLOCK TABLES;

--
-- Table structure for table `data_types`
--

DROP TABLE IF EXISTS `data_types`;
/*!40101 SET @saved_cs_client     = @@character_set_client */;
/*!40101 SET character_set_client = utf8 */;
CREATE TABLE `data_types` (
  `id` int(10) unsigned NOT NULL AUTO_INCREMENT,
  `name` varchar(255) NOT NULL,
  `slug` varchar(255) NOT NULL,
  `display_name_singular` varchar(255) NOT NULL,
  `display_name_plural` varchar(255) NOT NULL,
  `icon` varchar(255) DEFAULT NULL,
  `model_name` varchar(255) DEFAULT NULL,
  `policy_name` varchar(255) DEFAULT NULL,
  `controller` varchar(255) DEFAULT NULL,
  `description` varchar(255) DEFAULT NULL,
  `generate_permissions` tinyint(1) NOT NULL DEFAULT 0,
  `server_side` tinyint(4) NOT NULL DEFAULT 0,
  `details` text DEFAULT NULL,
  `created_at` timestamp NULL DEFAULT NULL,
  `updated_at` timestamp NULL DEFAULT NULL,
  PRIMARY KEY (`id`),
  UNIQUE KEY `data_types_name_unique` (`name`),
  UNIQUE KEY `data_types_slug_unique` (`slug`)
) ENGINE=InnoDB AUTO_INCREMENT=9 DEFAULT CHARSET=utf8mb4 COLLATE=utf8mb4_unicode_ci;
/*!40101 SET character_set_client = @saved_cs_client */;

--
-- Dumping data for table `data_types`
--

LOCK TABLES `data_types` WRITE;
/*!40000 ALTER TABLE `data_types` DISABLE KEYS */;
INSERT INTO `data_types` VALUES (1,'users','users','User','Users','voyager-person','TCG\\Voyager\\Models\\User','TCG\\Voyager\\Policies\\UserPolicy','TCG\\Voyager\\Http\\Controllers\\VoyagerUserController','',1,0,NULL,'2021-06-02 17:55:30','2021-06-02 17:55:30'),(2,'menus','menus','Menu','Menus','voyager-list','TCG\\Voyager\\Models\\Menu',NULL,'','',1,0,NULL,'2021-06-02 17:55:30','2021-06-02 17:55:30'),(3,'roles','roles','Role','Roles','voyager-lock','TCG\\Voyager\\Models\\Role',NULL,'TCG\\Voyager\\Http\\Controllers\\VoyagerRoleController','',1,0,NULL,'2021-06-02 17:55:31','2021-06-02 17:55:31'),(4,'permissions','permissions','Permiso','Permisos','voyager-list','App\\Models\\Permission',NULL,NULL,NULL,1,0,'{\"order_column\":\"table_name\",\"order_display_column\":\"table_name\",\"order_direction\":\"asc\",\"default_search_key\":null}','2021-10-05 10:10:30','2021-10-05 10:10:30'),(5,'publications_types','publications-types','Tipo de publicación','Tipos de publicación','voyager-list','App\\Models\\PublicationsType',NULL,NULL,NULL,1,0,'{\"order_column\":null,\"order_display_column\":null,\"order_direction\":\"asc\",\"default_search_key\":null,\"scope\":null}','2021-10-06 12:29:38','2021-10-06 14:36:48'),(6,'publications','publications','Publicación','Publicaciones','voyager-certificate','App\\Models\\Publication',NULL,NULL,NULL,1,0,'{\"order_column\":null,\"order_display_column\":null,\"order_direction\":\"asc\",\"default_search_key\":null,\"scope\":null}','2021-10-06 12:40:05','2021-10-11 21:01:49'),(7,'officials','officials','Funcionario','Funcionarios','voyager-people','App\\Models\\Official',NULL,NULL,NULL,1,0,'{\"order_column\":null,\"order_display_column\":null,\"order_direction\":\"asc\",\"default_search_key\":null}','2021-10-11 11:31:09','2021-10-11 11:31:09'),(8,'frequent_questions','frequent-questions','Pregunta frecuente','Preguntas frecuentes','voyager-question','App\\Models\\FrequentQuestion',NULL,NULL,NULL,1,0,'{\"order_column\":null,\"order_display_column\":null,\"order_direction\":\"asc\",\"default_search_key\":null,\"scope\":null}','2021-10-11 11:38:31','2021-10-11 11:46:13');
/*!40000 ALTER TABLE `data_types` ENABLE KEYS */;
UNLOCK TABLES;

--
-- Table structure for table `failed_jobs`
--

DROP TABLE IF EXISTS `failed_jobs`;
/*!40101 SET @saved_cs_client     = @@character_set_client */;
/*!40101 SET character_set_client = utf8 */;
CREATE TABLE `failed_jobs` (
  `id` bigint(20) unsigned NOT NULL AUTO_INCREMENT,
  `uuid` varchar(255) NOT NULL,
  `connection` text NOT NULL,
  `queue` text NOT NULL,
  `payload` longtext NOT NULL,
  `exception` longtext NOT NULL,
  `failed_at` timestamp NOT NULL DEFAULT current_timestamp(),
  PRIMARY KEY (`id`),
  UNIQUE KEY `failed_jobs_uuid_unique` (`uuid`)
) ENGINE=InnoDB DEFAULT CHARSET=utf8mb4 COLLATE=utf8mb4_unicode_ci;
/*!40101 SET character_set_client = @saved_cs_client */;

--
-- Dumping data for table `failed_jobs`
--

LOCK TABLES `failed_jobs` WRITE;
/*!40000 ALTER TABLE `failed_jobs` DISABLE KEYS */;
/*!40000 ALTER TABLE `failed_jobs` ENABLE KEYS */;
UNLOCK TABLES;

--
-- Table structure for table `frequent_questions`
--

DROP TABLE IF EXISTS `frequent_questions`;
/*!40101 SET @saved_cs_client     = @@character_set_client */;
/*!40101 SET character_set_client = utf8 */;
CREATE TABLE `frequent_questions` (
  `id` bigint(20) unsigned NOT NULL AUTO_INCREMENT,
  `title` text DEFAULT NULL,
  `tags` varchar(255) DEFAULT NULL,
  `description` text DEFAULT NULL,
  `created_at` timestamp NULL DEFAULT NULL,
  `updated_at` timestamp NULL DEFAULT NULL,
  `deleted_at` timestamp NULL DEFAULT NULL,
  PRIMARY KEY (`id`)
) ENGINE=InnoDB AUTO_INCREMENT=3 DEFAULT CHARSET=utf8mb4 COLLATE=utf8mb4_unicode_ci;
/*!40101 SET character_set_client = @saved_cs_client */;

--
-- Dumping data for table `frequent_questions`
--

LOCK TABLES `frequent_questions` WRITE;
/*!40000 ALTER TABLE `frequent_questions` DISABLE KEYS */;
INSERT INTO `frequent_questions` VALUES (1,'Lorem ipsum dolor sit amet, consectetur adipiscing elit, sed do eiusmod tempor incididunt ut labore et dolore magna aliqua.',NULL,'<p><span style=\"color: #000000; font-family: \'Open Sans\', Arial, sans-serif; text-align: justify;\">Lorem ipsum dolor sit amet, consectetur adipiscing elit, sed do eiusmod tempor incididunt ut labore et dolore magna aliqua. Ut enim ad minim veniam, quis nostrud exercitation ullamco laboris nisi ut aliquip ex ea commodo consequat. Duis aute irure dolor in reprehenderit in voluptate velit esse cillum dolore eu fugiat nulla pariatur. Excepteur sint occaecat cupidatat non proident, sunt in culpa qui officia deserunt mollit anim id est laborum.</span></p>','2021-10-11 15:14:02','2021-10-11 15:14:02',NULL),(2,'Excepteur sint occaecat cupidatat non proident, sunt in culpa qui officia deserunt mollit anim id est laborum',NULL,'<p><span style=\"color: #000000; font-family: \'Open Sans\', Arial, sans-serif; text-align: justify;\">Sed ut perspiciatis unde omnis iste natus error sit voluptatem accusantium doloremque laudantium, totam rem aperiam, eaque ipsa quae ab illo inventore veritatis et quasi architecto beatae vitae dicta sunt explicabo. Nemo enim ipsam voluptatem quia voluptas sit aspernatur aut odit aut fugit, sed quia consequuntur magni dolores eos qui ratione voluptatem sequi nesciunt. Neque porro quisquam est, qui dolorem ipsum quia dolor sit amet, consectetur, adipisci velit, sed quia non numquam eius modi tempora incidunt ut labore et dolore magnam aliquam quaerat voluptatem.&nbsp;</span></p>','2021-10-11 15:14:28','2021-10-11 15:14:28',NULL);
/*!40000 ALTER TABLE `frequent_questions` ENABLE KEYS */;
UNLOCK TABLES;

--
-- Table structure for table `menu_items`
--

DROP TABLE IF EXISTS `menu_items`;
/*!40101 SET @saved_cs_client     = @@character_set_client */;
/*!40101 SET character_set_client = utf8 */;
CREATE TABLE `menu_items` (
  `id` int(10) unsigned NOT NULL AUTO_INCREMENT,
  `menu_id` int(10) unsigned DEFAULT NULL,
  `title` varchar(255) NOT NULL,
  `url` varchar(255) NOT NULL,
  `target` varchar(255) NOT NULL DEFAULT '_self',
  `icon_class` varchar(255) DEFAULT NULL,
  `color` varchar(255) DEFAULT NULL,
  `parent_id` int(11) DEFAULT NULL,
  `order` int(11) NOT NULL,
  `created_at` timestamp NULL DEFAULT NULL,
  `updated_at` timestamp NULL DEFAULT NULL,
  `route` varchar(255) DEFAULT NULL,
  `parameters` text DEFAULT NULL,
  PRIMARY KEY (`id`),
  KEY `menu_items_menu_id_foreign` (`menu_id`),
  CONSTRAINT `menu_items_menu_id_foreign` FOREIGN KEY (`menu_id`) REFERENCES `menus` (`id`) ON DELETE CASCADE
) ENGINE=InnoDB AUTO_INCREMENT=19 DEFAULT CHARSET=utf8mb4 COLLATE=utf8mb4_unicode_ci;
/*!40101 SET character_set_client = @saved_cs_client */;

--
-- Dumping data for table `menu_items`
--

LOCK TABLES `menu_items` WRITE;
/*!40000 ALTER TABLE `menu_items` DISABLE KEYS */;
INSERT INTO `menu_items` VALUES (1,1,'Inicio','','_self','voyager-home','#000000',NULL,1,'2021-06-02 17:55:32','2021-06-02 14:51:15','voyager.profile','null'),(2,1,'Media','','_self','voyager-images',NULL,5,3,'2021-06-02 17:55:32','2021-06-02 14:07:22','voyager.media.index',NULL),(3,1,'Usuarios','','_self','voyager-person','#000000',11,1,'2021-06-02 17:55:32','2021-10-05 10:06:56','voyager.users.index','null'),(4,1,'Roles','','_self','voyager-lock',NULL,11,2,'2021-06-02 17:55:32','2021-06-02 14:08:05','voyager.roles.index',NULL),(5,1,'Herramientas','','_self','voyager-tools','#000000',NULL,7,'2021-06-02 17:55:32','2021-10-11 11:40:06',NULL,''),(6,1,'Menu Builder','','_self','voyager-list',NULL,5,1,'2021-06-02 17:55:33','2021-06-02 14:07:22','voyager.menus.index',NULL),(7,1,'Database','','_self','voyager-data',NULL,5,2,'2021-06-02 17:55:33','2021-06-02 14:07:22','voyager.database.index',NULL),(8,1,'Compass','','_self','voyager-compass',NULL,5,4,'2021-06-02 17:55:33','2021-06-02 14:07:22','voyager.compass.index',NULL),(9,1,'BREAD','','_self','voyager-bread',NULL,5,5,'2021-06-02 17:55:33','2021-06-02 14:07:23','voyager.bread.index',NULL),(10,1,'Configuración','','_self','voyager-settings','#000000',NULL,6,'2021-06-02 17:55:33','2021-10-11 11:40:06','voyager.settings.index','null'),(11,1,'Seguridad','','_self','voyager-lock','#000000',NULL,4,'2021-06-02 14:07:53','2021-10-06 12:41:53',NULL,''),(12,1,'Limpiar cache','','_self','voyager-refresh','#000000',5,6,'2021-06-25 18:03:59','2021-10-05 10:06:40','clear.cache',NULL),(13,1,'Permisos','','_self','voyager-list',NULL,11,3,'2021-10-05 10:10:30','2021-10-05 10:10:43','voyager.permissions.index',NULL),(14,1,'Tipos de publicación','','_self','voyager-list',NULL,NULL,2,'2021-10-06 12:29:39','2021-10-06 12:41:50','voyager.publications-types.index',NULL),(15,1,'Publicaciones','','_self','voyager-certificate',NULL,NULL,3,'2021-10-06 12:40:05','2021-10-06 12:41:53','voyager.publications.index',NULL),(16,1,'Funcionarios','','_self','voyager-people',NULL,18,1,'2021-10-11 11:31:09','2021-10-11 11:39:54','voyager.officials.index',NULL),(17,1,'Preguntas frecuentes','','_self','voyager-question',NULL,18,2,'2021-10-11 11:38:31','2021-10-11 11:39:59','voyager.frequent-questions.index',NULL),(18,1,'Página web','','_self','voyager-browser','#000000',NULL,5,'2021-10-11 11:39:20','2021-10-11 11:40:06',NULL,'');
/*!40000 ALTER TABLE `menu_items` ENABLE KEYS */;
UNLOCK TABLES;

--
-- Table structure for table `menus`
--

DROP TABLE IF EXISTS `menus`;
/*!40101 SET @saved_cs_client     = @@character_set_client */;
/*!40101 SET character_set_client = utf8 */;
CREATE TABLE `menus` (
  `id` int(10) unsigned NOT NULL AUTO_INCREMENT,
  `name` varchar(255) NOT NULL,
  `created_at` timestamp NULL DEFAULT NULL,
  `updated_at` timestamp NULL DEFAULT NULL,
  PRIMARY KEY (`id`),
  UNIQUE KEY `menus_name_unique` (`name`)
) ENGINE=InnoDB AUTO_INCREMENT=2 DEFAULT CHARSET=utf8mb4 COLLATE=utf8mb4_unicode_ci;
/*!40101 SET character_set_client = @saved_cs_client */;

--
-- Dumping data for table `menus`
--

LOCK TABLES `menus` WRITE;
/*!40000 ALTER TABLE `menus` DISABLE KEYS */;
INSERT INTO `menus` VALUES (1,'admin','2021-10-11 21:39:43','2021-10-11 21:39:43');
/*!40000 ALTER TABLE `menus` ENABLE KEYS */;
UNLOCK TABLES;

--
-- Table structure for table `migrations`
--

DROP TABLE IF EXISTS `migrations`;
/*!40101 SET @saved_cs_client     = @@character_set_client */;
/*!40101 SET character_set_client = utf8 */;
CREATE TABLE `migrations` (
  `id` int(10) unsigned NOT NULL AUTO_INCREMENT,
  `migration` varchar(255) NOT NULL,
  `batch` int(11) NOT NULL,
  PRIMARY KEY (`id`)
) ENGINE=InnoDB AUTO_INCREMENT=28 DEFAULT CHARSET=utf8mb4 COLLATE=utf8mb4_unicode_ci;
/*!40101 SET character_set_client = @saved_cs_client */;

--
-- Dumping data for table `migrations`
--

LOCK TABLES `migrations` WRITE;
/*!40000 ALTER TABLE `migrations` DISABLE KEYS */;
INSERT INTO `migrations` VALUES (1,'2014_10_12_000000_create_users_table',1),(2,'2014_10_12_100000_create_password_resets_table',1),(3,'2016_01_01_000000_add_voyager_user_fields',1),(4,'2016_01_01_000000_create_data_types_table',1),(5,'2016_05_19_173453_create_menu_table',1),(6,'2016_10_21_190000_create_roles_table',1),(7,'2016_10_21_190000_create_settings_table',1),(8,'2016_11_30_135954_create_permission_table',1),(9,'2016_11_30_141208_create_permission_role_table',1),(10,'2016_12_26_201236_data_types__add__server_side',1),(11,'2017_01_13_000000_add_route_to_menu_items_table',1),(12,'2017_01_14_005015_create_translations_table',1),(13,'2017_01_15_000000_make_table_name_nullable_in_permissions_table',1),(14,'2017_03_06_000000_add_controller_to_data_types_table',1),(15,'2017_04_21_000000_add_order_to_data_rows_table',1),(16,'2017_07_05_210000_add_policyname_to_data_types_table',1),(17,'2017_08_05_000000_add_group_to_settings_table',1),(18,'2017_11_26_013050_add_user_role_relationship',1),(19,'2017_11_26_015000_create_user_roles_table',1),(20,'2018_03_11_000000_add_user_settings',1),(21,'2018_03_14_000000_add_details_to_data_types_table',1),(22,'2018_03_16_000000_make_settings_value_nullable',1),(23,'2019_08_19_000000_create_failed_jobs_table',1),(24,'2021_10_05_140728_create_publications_types_table',1),(25,'2021_10_05_142255_create_publications_table',1),(26,'2021_10_11_102254_create_officials_table',1),(27,'2021_10_11_103952_create_frequent_questions_table',1);
/*!40000 ALTER TABLE `migrations` ENABLE KEYS */;
UNLOCK TABLES;

--
-- Table structure for table `officials`
--

DROP TABLE IF EXISTS `officials`;
/*!40101 SET @saved_cs_client     = @@character_set_client */;
/*!40101 SET character_set_client = utf8 */;
CREATE TABLE `officials` (
  `id` bigint(20) unsigned NOT NULL AUTO_INCREMENT,
  `full_name` varchar(255) DEFAULT NULL,
  `job` varchar(255) NOT NULL,
  `image` varchar(255) DEFAULT NULL,
  `description` text DEFAULT NULL,
  `created_at` timestamp NULL DEFAULT NULL,
  `updated_at` timestamp NULL DEFAULT NULL,
  `deleted_at` timestamp NULL DEFAULT NULL,
  PRIMARY KEY (`id`),
  UNIQUE KEY `officials_job_unique` (`job`)
) ENGINE=InnoDB AUTO_INCREMENT=3 DEFAULT CHARSET=utf8mb4 COLLATE=utf8mb4_unicode_ci;
/*!40101 SET character_set_client = @saved_cs_client */;

--
-- Dumping data for table `officials`
--

LOCK TABLES `officials` WRITE;
/*!40000 ALTER TABLE `officials` DISABLE KEYS */;
INSERT INTO `officials` VALUES (1,'John Doe','Developer','officials/October2021/vteiTXZn9uTm4e0zKllS.png','Lorem ipsum dolor sit amet, consectetur adipiscing elit, sed do eiusmod tempor incididunt ut labore et dolore magna aliqua.','2021-10-11 15:09:48','2021-10-11 21:45:55',NULL),(2,'Erick Smith','CEO','officials/October2021/KT8wwHpukwZMp3v8FqDw.png','Lorem ipsum dolor sit amet, consectetur adipiscing elit, sed do eiusmod tempor incididunt ut labore et dolore magna aliqua.','2021-10-11 15:13:18','2021-10-11 21:45:04',NULL);
/*!40000 ALTER TABLE `officials` ENABLE KEYS */;
UNLOCK TABLES;

--
-- Table structure for table `password_resets`
--

DROP TABLE IF EXISTS `password_resets`;
/*!40101 SET @saved_cs_client     = @@character_set_client */;
/*!40101 SET character_set_client = utf8 */;
CREATE TABLE `password_resets` (
  `email` varchar(255) NOT NULL,
  `token` varchar(255) NOT NULL,
  `created_at` timestamp NULL DEFAULT NULL,
  KEY `password_resets_email_index` (`email`)
) ENGINE=InnoDB DEFAULT CHARSET=utf8mb4 COLLATE=utf8mb4_unicode_ci;
/*!40101 SET character_set_client = @saved_cs_client */;

--
-- Dumping data for table `password_resets`
--

LOCK TABLES `password_resets` WRITE;
/*!40000 ALTER TABLE `password_resets` DISABLE KEYS */;
/*!40000 ALTER TABLE `password_resets` ENABLE KEYS */;
UNLOCK TABLES;

--
-- Table structure for table `permission_role`
--

DROP TABLE IF EXISTS `permission_role`;
/*!40101 SET @saved_cs_client     = @@character_set_client */;
/*!40101 SET character_set_client = utf8 */;
CREATE TABLE `permission_role` (
  `permission_id` bigint(20) unsigned NOT NULL,
  `role_id` bigint(20) unsigned NOT NULL,
  PRIMARY KEY (`permission_id`,`role_id`),
  KEY `permission_role_permission_id_index` (`permission_id`),
  KEY `permission_role_role_id_index` (`role_id`),
  CONSTRAINT `permission_role_permission_id_foreign` FOREIGN KEY (`permission_id`) REFERENCES `permissions` (`id`) ON DELETE CASCADE,
  CONSTRAINT `permission_role_role_id_foreign` FOREIGN KEY (`role_id`) REFERENCES `roles` (`id`) ON DELETE CASCADE
) ENGINE=InnoDB DEFAULT CHARSET=utf8mb4 COLLATE=utf8mb4_unicode_ci;
/*!40101 SET character_set_client = @saved_cs_client */;

--
-- Dumping data for table `permission_role`
--

LOCK TABLES `permission_role` WRITE;
/*!40000 ALTER TABLE `permission_role` DISABLE KEYS */;
INSERT INTO `permission_role` VALUES (1,1),(1,3),(2,1),(3,1),(4,1),(5,1),(6,1),(7,1),(8,1),(9,1),(10,1),(11,1),(12,1),(13,1),(14,1),(15,1),(16,1),(17,1),(18,1),(19,1),(20,1),(21,1),(22,1),(23,1),(24,1),(25,1),(26,1),(27,1),(28,1),(29,1),(30,1),(31,1),(31,3),(32,1),(32,3),(33,1),(33,3),(34,1),(34,3),(35,1),(35,3),(36,1),(37,1),(38,1),(39,1),(40,1),(41,1),(42,1),(43,1),(44,1),(45,1);
/*!40000 ALTER TABLE `permission_role` ENABLE KEYS */;
UNLOCK TABLES;

--
-- Table structure for table `permissions`
--

DROP TABLE IF EXISTS `permissions`;
/*!40101 SET @saved_cs_client     = @@character_set_client */;
/*!40101 SET character_set_client = utf8 */;
CREATE TABLE `permissions` (
  `id` bigint(20) unsigned NOT NULL AUTO_INCREMENT,
  `key` varchar(255) NOT NULL,
  `table_name` varchar(255) DEFAULT NULL,
  `created_at` timestamp NULL DEFAULT NULL,
  `updated_at` timestamp NULL DEFAULT NULL,
  PRIMARY KEY (`id`),
  KEY `permissions_key_index` (`key`)
) ENGINE=InnoDB AUTO_INCREMENT=46 DEFAULT CHARSET=utf8mb4 COLLATE=utf8mb4_unicode_ci;
/*!40101 SET character_set_client = @saved_cs_client */;

--
-- Dumping data for table `permissions`
--

LOCK TABLES `permissions` WRITE;
/*!40000 ALTER TABLE `permissions` DISABLE KEYS */;
INSERT INTO `permissions` VALUES (1,'browse_admin',NULL,'2021-10-11 21:39:43','2021-10-11 21:39:43'),(2,'browse_bread',NULL,'2021-10-11 21:39:43','2021-10-11 21:39:43'),(3,'browse_database',NULL,'2021-10-11 21:39:43','2021-10-11 21:39:43'),(4,'browse_media',NULL,'2021-10-11 21:39:43','2021-10-11 21:39:43'),(5,'browse_compass',NULL,'2021-10-11 21:39:43','2021-10-11 21:39:43'),(6,'browse_menus','menus','2021-10-11 21:39:43','2021-10-11 21:39:43'),(7,'read_menus','menus','2021-10-11 21:39:43','2021-10-11 21:39:43'),(8,'edit_menus','menus','2021-10-11 21:39:43','2021-10-11 21:39:43'),(9,'add_menus','menus','2021-10-11 21:39:43','2021-10-11 21:39:43'),(10,'delete_menus','menus','2021-10-11 21:39:43','2021-10-11 21:39:43'),(11,'browse_roles','roles','2021-10-11 21:39:43','2021-10-11 21:39:43'),(12,'read_roles','roles','2021-10-11 21:39:43','2021-10-11 21:39:43'),(13,'edit_roles','roles','2021-10-11 21:39:43','2021-10-11 21:39:43'),(14,'add_roles','roles','2021-10-11 21:39:43','2021-10-11 21:39:43'),(15,'delete_roles','roles','2021-10-11 21:39:43','2021-10-11 21:39:43'),(16,'browse_users','users','2021-10-11 21:39:43','2021-10-11 21:39:43'),(17,'read_users','users','2021-10-11 21:39:43','2021-10-11 21:39:43'),(18,'edit_users','users','2021-10-11 21:39:43','2021-10-11 21:39:43'),(19,'add_users','users','2021-10-11 21:39:43','2021-10-11 21:39:43'),(20,'delete_users','users','2021-10-11 21:39:43','2021-10-11 21:39:43'),(21,'browse_settings','settings','2021-10-11 21:39:43','2021-10-11 21:39:43'),(22,'read_settings','settings','2021-10-11 21:39:43','2021-10-11 21:39:43'),(23,'edit_settings','settings','2021-10-11 21:39:43','2021-10-11 21:39:43'),(24,'add_settings','settings','2021-10-11 21:39:43','2021-10-11 21:39:43'),(25,'delete_settings','settings','2021-10-11 21:39:43','2021-10-11 21:39:43'),(26,'browse_publications_types','publications_types','2021-10-11 21:39:43','2021-10-11 21:39:43'),(27,'read_publications_types','publications_types','2021-10-11 21:39:43','2021-10-11 21:39:43'),(28,'edit_publications_types','publications_types','2021-10-11 21:39:43','2021-10-11 21:39:43'),(29,'add_publications_types','publications_types','2021-10-11 21:39:43','2021-10-11 21:39:43'),(30,'delete_publications_types','publications_types','2021-10-11 21:39:43','2021-10-11 21:39:43'),(31,'browse_publications','publications','2021-10-11 21:39:43','2021-10-11 21:39:43'),(32,'read_publications','publications','2021-10-11 21:39:43','2021-10-11 21:39:43'),(33,'edit_publications','publications','2021-10-11 21:39:43','2021-10-11 21:39:43'),(34,'add_publications','publications','2021-10-11 21:39:43','2021-10-11 21:39:43'),(35,'delete_publications','publications','2021-10-11 21:39:43','2021-10-11 21:39:43'),(36,'browse_officials','officials','2021-10-11 21:39:43','2021-10-11 21:39:43'),(37,'read_officials','officials','2021-10-11 21:39:43','2021-10-11 21:39:43'),(38,'edit_officials','officials','2021-10-11 21:39:43','2021-10-11 21:39:43'),(39,'add_officials','officials','2021-10-11 21:39:43','2021-10-11 21:39:43'),(40,'delete_officials','officials','2021-10-11 21:39:43','2021-10-11 21:39:43'),(41,'browse_frequent_questions','frequent_questions','2021-10-11 21:39:43','2021-10-11 21:39:43'),(42,'read_frequent_questions','frequent_questions','2021-10-11 21:39:43','2021-10-11 21:39:43'),(43,'edit_frequent_questions','frequent_questions','2021-10-11 21:39:43','2021-10-11 21:39:43'),(44,'add_frequent_questions','frequent_questions','2021-10-11 21:39:43','2021-10-11 21:39:43'),(45,'delete_frequent_questions','frequent_questions','2021-10-11 21:39:43','2021-10-11 21:39:43');
/*!40000 ALTER TABLE `permissions` ENABLE KEYS */;
UNLOCK TABLES;

--
-- Table structure for table `publications`
--

DROP TABLE IF EXISTS `publications`;
/*!40101 SET @saved_cs_client     = @@character_set_client */;
/*!40101 SET character_set_client = utf8 */;
CREATE TABLE `publications` (
  `id` bigint(20) unsigned NOT NULL AUTO_INCREMENT,
  `publications_type_id` bigint(20) unsigned DEFAULT NULL,
  `user_id` bigint(20) unsigned DEFAULT NULL,
  `title` varchar(255) DEFAULT NULL,
  `tags` varchar(255) DEFAULT NULL,
  `description` text DEFAULT NULL,
  `publish_date` date DEFAULT NULL,
  `enact_date` date DEFAULT NULL,
  `file` varchar(255) DEFAULT NULL,
  `highlight` int(11) DEFAULT 1,
  `view` int(11) DEFAULT 0,
  `created_at` timestamp NULL DEFAULT NULL,
  `updated_at` timestamp NULL DEFAULT NULL,
  `deleted_at` timestamp NULL DEFAULT NULL,
  PRIMARY KEY (`id`),
  KEY `publications_publications_type_id_foreign` (`publications_type_id`),
  KEY `publications_user_id_foreign` (`user_id`),
  CONSTRAINT `publications_publications_type_id_foreign` FOREIGN KEY (`publications_type_id`) REFERENCES `publications_types` (`id`),
  CONSTRAINT `publications_user_id_foreign` FOREIGN KEY (`user_id`) REFERENCES `users` (`id`)
) ENGINE=InnoDB AUTO_INCREMENT=470 DEFAULT CHARSET=utf8mb4 COLLATE=utf8mb4_unicode_ci;
/*!40101 SET character_set_client = @saved_cs_client */;

--
-- Dumping data for table `publications`
--

LOCK TABLES `publications` WRITE;
/*!40000 ALTER TABLE `publications` DISABLE KEYS */;
INSERT INTO `publications` VALUES (3,1,NULL,'LEY 95 LEY DEL ARCHIVO HISTORICO DEPARTAMENTAL DEL BENI',NULL,'Ley que tiene por objeto crear el archivo histórico del departamento del Beni',NULL,'2020-01-30','[{\"download_link\":\"publications\\/October2021\\/ySqw1KiTDMqOtb87BzJh.pdf\",\"original_name\":\"01-30-2020_LD_95_LEY_DEL_ARCHIVO_HISTORICO_DEPARTAMENTAL_DEL_BENI.pdf\"}]',0,0,'2021-10-14 11:43:55','2021-10-14 11:43:55',NULL),(4,1,NULL,'LEY 96 LEY DEPARTAMENTAL DEL SININI',NULL,'La presente Ley tiene por objeto la promoción integral del Sinini silvestre cultivado en el Departamento del Beni',NULL,'2020-02-18','[{\"download_link\":\"publications\\/October2021\\/aXtUh50oirTRyt5fm3pM.pdf\",\"original_name\":\"02-18-2020_LD_96_LEY_DEPARTAMENTAL_DEL_SININI.pdf\"}]',0,0,'2021-10-14 11:49:31','2021-10-14 11:49:31',NULL),(5,1,NULL,'LEY 97 LEY DEL HIMNO OFICIAL A PEDRO IGNACIO MUIBA',NULL,'Se declara como Himno Oficial al Héroe Nacional Pedro Ignacio Muiba Teco la composición creada por los autores benianos Selva Libertad Velarde Hurtado (letra) y Reynaldo Revollo Hurtado (música) para enaltecer la figura legendaria y valerosa del cacique Indígena Mojeño Trinitario en su lucha independentista y anticolonial.',NULL,'2020-02-18','[{\"download_link\":\"publications\\/October2021\\/vfwh8CLX6X1NI0L3RVOz.pdf\",\"original_name\":\"02-18-2020_LD_97_LEY_HIMNO_OFICIAL_A_PEDRO_IGNACIO_MUIBA_TECO.pdf\"}]',0,0,'2021-10-14 11:52:39','2021-10-14 11:52:39',NULL),(6,1,NULL,'LEY 78 LEY DEPARTAMENTAL DE GESTIÓN DE RIESGOS Y ATENCIÓN DE DESASTRES',NULL,'La presente ley tiene por objeto regular el marco institucional y operativo, así como el financiamiento para la Gestión de Riesgos del Gobierno Autónomo Departamental del Beni, que incluye la reducción del riesgo a través de la prevención, mitigación y recuperación; y la atención de desastres y/o emergencias a través de la preparación, alerta, respuesta y rehabilitación ante riesgos de desastres ocasionados por amenazas naturales, socio-naturales, tecnológicas y/o antrópicas, así como vulnerabilidades sociales, económicas, físicas y ambientales.',NULL,'2018-03-08','[{\"download_link\":\"publications\\/October2021\\/wYaHJ3bGIZ0NTKxen05M.pdf\",\"original_name\":\"LEY DEPARTAMENTAL 78.pdf\"}]',0,0,'2021-10-14 12:44:07','2021-10-14 12:44:07',NULL),(7,1,NULL,'LEY 79 LEY DEPARTAMENTAL DEL TURISMO',NULL,'La presente ley tiene por objeto regular la actividad turística en el Departamento del Beni, estableciendo las políticas públicas departamentales y el régimen del turismo, a fin de desarrollar, fortalecer, difundir, promover, incentivar, fomentar y promocionar la actividad turística en los sectores público, privado y comunitario, como factor de desarrollo económico y social sustentable, mediante el establecimiento de normas que garanticen y faciliten el fomento, la coordinación y el control de la actividad, en el marco de las competencias exclusivas asignadas a los gobiernos autónomo departamentales.',NULL,'2018-03-16','[{\"download_link\":\"publications\\/October2021\\/Y1zntnnlqWiV4HrFOA6I.pdf\",\"original_name\":\"03-16-2018_LD_79_LEY_DEPARTAMENTAL_DE_TURISMO.pdf\"}]',0,0,'2021-10-14 14:23:22','2021-10-14 14:23:22',NULL),(8,1,NULL,'LEY 98 LEY DE PREVENCIÓN, CONTROL Y ATENCIÓN DE LA EMERGENCIA NACIONAL POR EL CORONAVIRUS (COVID - 19) EN EL DEPARTAMENTO DEL BENI',NULL,'La presente Ley tiene por objeto establecer las acciones y los mecanismos operativos para la prevención, control y atención del Coronavirus (COVID – 19), así como el apoyo para la población de escasos recursos económicos durante la cuarentena en el territorio del departamento, además de garantizar la coordinación intergubernamental para enfrentar la pandemia.',NULL,'2020-03-27','[{\"download_link\":\"publications\\/October2021\\/FQ4C7g9BsP1w1YtFBl6E.pdf\",\"original_name\":\"03-27-2020_LD_98_LEY_DE_PREVENCI\\u00d3N_CONTROL_Y_ATENCI\\u00d3N_DE_LA_EMERGENCIA_NACIONAL_POR_EL_CORONA_VIRUS_COVID-19_EN_EL_DEPARTAMENTO_DEL_BENI_1.pdf\"}]',0,0,'2021-10-14 14:26:58','2021-10-14 14:26:58',NULL),(9,1,NULL,'LEY 87 LEY MODIFICATORIA A LA LEY DEPARTAMENTAL N° 030 DE 29 DE OCTUBRE DE 2012, DE TRANSPORTE DEPARTAMENTAL',NULL,'La presente ley tiene por objeto modificar la Ley Departamental N° 030 de 29 de octubre de 2012, de Transporte Departamental, para incorporar disposiciones generales y especificas del transporte terrestre, y permitir la adecuada reglamentación de esta modalidad.',NULL,'2019-04-23','[{\"download_link\":\"publications\\/October2021\\/hxneyMH1oKeA3ZktHWNL.pdf\",\"original_name\":\"04-23-2019-ld-87-ley-modificatoria-a-la-ley-030-de-29-octubre-de-2012-de-trasporte-dptal.pdf\"}]',0,0,'2021-10-14 14:30:50','2021-10-14 14:30:50',NULL),(10,1,NULL,'LEY 88 LEY DEPARTAMENTAL DEL CACAO NATIVO AMAZONICO DEL BENI',NULL,'La presente ley tiene por objeto el fomento a la producción sostenible y la protección del cacao (Theobroma cacao) nativo amazónico, silvestre y cultivado, en el Departamento del Beni.',NULL,'2019-04-29','[{\"download_link\":\"publications\\/October2021\\/TlaYKxAgLfJBMwBlND9G.pdf\",\"original_name\":\"04-28-2019_LD_88_LEY_DEPARTAMENTAL_DEL_CACAO_NATIVO_AMAZONICO_DEL_BENI.pdf\"}]',0,0,'2021-10-14 14:38:51','2021-10-14 14:38:51',NULL),(11,1,NULL,'LEY 80 LEY DE LA ASAMBLEA LEGISLATIVA DEPARTAMENTAL INFANTIL DEL BENI',NULL,'Se constituye la Asamblea Legislativa Departamental Infantil del Beni como mecanismo de educación ciudadana y participación de niñas y niños comprendidos en las edades de 6 a 12 años, quienes adquirirán desde su posesión la calidad de Asambleístas Departamentales Infantiles del Beni.',NULL,'2018-05-02','[{\"download_link\":\"publications\\/October2021\\/DSTyYnReQ0Sr9MlcahbK.pdf\",\"original_name\":\"05-02-2018_LD_80_LEY_DE_LA_ASAMBLEA_INFANTIL.pdf\"}]',0,0,'2021-10-14 14:42:53','2021-10-14 14:42:53',NULL),(12,1,NULL,'LEY 81 LEY DE EMPRESAS PÚBLICAS DEPARTAMENTALES',NULL,'La presente Ley tiene por objeto establecer el Régimen de las Empresas Públicas Departamentales, que comprende a las Empresas Departamentales, Empresas Mixtas Departamentales, Empresas de Economía Mixta y las Empresas Departamentales Intergubernamentales, del Gobierno Autónomo Departamental del Beni.',NULL,'2018-05-16','[{\"download_link\":\"publications\\/October2021\\/s1sMpEirTYT14o77gz9t.pdf\",\"original_name\":\"05-16-2018_LD_81_LEY_DEPARTAMENTAL_EMPRESA_PU.pdf\"}]',0,0,'2021-10-14 14:46:42','2021-10-14 14:46:42',NULL),(13,1,NULL,'LEY 82 LEY DEPARTAMENTAL SEMANA DE LA PERSONA SORDA',NULL,'Se declara la última semana del mes de septiembre de cada año \"Semana de la Persona Sorda\" en todo el Departamento del Beni.',NULL,'2018-05-18','[{\"download_link\":\"publications\\/October2021\\/Ps7xH59UdFY2Jxq57zrm.pdf\",\"original_name\":\"05-18-2018_LD_82_LEY_SEMANA_DE_LA_PERSONA_SORDA.pdf\"}]',0,0,'2021-10-14 14:48:52','2021-10-14 14:48:52',NULL),(14,1,NULL,'LEY 89 LEY DE PREMIACION Y APOYO A DEPORTISTAS DESTACADOS DEL BENI',NULL,'La presente ley tiene por objeto establecer y normar la otorgación de premios a deportistas destacados del Departamento del Beni y el apoyo para su participación en eventos de carácter internacional.',NULL,'2019-06-07','[{\"download_link\":\"publications\\/October2021\\/ybHeMH34AtdIOmGqgJdk.pdf\",\"original_name\":\"06-07-2019_LD_89_LEY_DE_PREMIACION_Y_APOYO_A_DEPORTISTAS_DESTACADOS_DEL_BENI.pdf\"}]',0,0,'2021-10-14 14:51:35','2021-10-14 14:51:35',NULL),(15,1,NULL,'LEY 91 LEY DEL PRESUPUESTO PLURIANUAL, PLAN OPERATIVO ANUAL (POA) Y PRESUPUESTO INSTITUCIONAL DEL GOBIERNO AUTÓNOMO DEPARTAMENTAL DEL BENI GESTIÓN 2020',NULL,'La presente Ley Departamental tiene por objeto aprobar el Presupuesto Plurianual 2020 - 2024, el Plan Operativo Anual (POA) y el Presupuesto Institucional Gestión - 2020 del Gobierno Autónomo Departamental del Beni, así como establecer otras disposiciones específicas para su aplicación.',NULL,'2019-09-17','[{\"download_link\":\"publications\\/October2021\\/FFFb77CskuB3fAWnyx85.pdf\",\"original_name\":\"09-16-2019_LD_91_LEY_DEL_PRESUPUESTO_PLURIANUAL_PLAN_OPERATIVO_ANUAL.pdf\"}]',0,0,'2021-10-14 14:54:02','2021-10-14 14:54:02',NULL),(16,1,NULL,'LEY 90 LEY DE DECLARATORIA DE PRIORIDAD Y NECESIDAD DEPARTAMENTAL LA IMPLEMENTACIÓN DE LA HIDROVÍA ICHILO - MAMORÉ',NULL,'Se declara de prioridad y necesidad departamental la implementación de la Hidrovía Ichilo - Mamoré, con la finalidad de mejorar sus condiciones de navegabilidad, permitiendo el desarrollo e integración económica y la vinculación fluvial del Departamento del Beni a nivel nacional e internacional.',NULL,'2019-06-27','[{\"download_link\":\"publications\\/October2021\\/vwFDvWzkssdZ7jSLn439.pdf\",\"original_name\":\"06-27-2019_LD_90_LEY_DE_DECLARATORIA_DE_PRIORIDAD_Y_NECESIDAD_DPTAL._LA_IMPLEMENTACION_DE_LA_HIDR.pdf\"}]',0,0,'2021-10-14 14:55:55','2021-10-14 14:55:55',NULL),(17,1,NULL,'LEY 84 LEY DEPARTAMENTAL DE DESARROLLO PRODUCTIVO',NULL,'La presente ley tiene por objeto establecer políticas y mecanismos para potenciar el Desarrollo Productivo Sostenible del Departamento del Beni, promoviendo y apoyando la industrialización de los recursos naturales, la competitividad y las iniciativas productivas, en el marco de la economía plural y la soberanía alimentaria.',NULL,'2018-09-21','[{\"download_link\":\"publications\\/October2021\\/AZl6Wqs0JJm3OaiFhjgp.pdf\",\"original_name\":\"09-21-2018_LD_84_LEY_DEPARTAMENTAL_DESARROLLO-PRODUCTIVO.pdf\"}]',0,0,'2021-10-14 14:58:22','2021-10-14 14:58:22',NULL),(18,1,NULL,'LEY 92 LEY DE CONSTRUCCIÓN DEL EDIFICIO DE LA ASAMBLEA LEGISLATIVA DEPARTAMENTAL DEL BENI',NULL,'Se declara de prioridad departamental la construcción del Edificio de la Asamblea Legislativa Departamental del Beni, con el propósito de dotarle de mejores condiciones para el adecuado desenvolvimiento de sus funciones y fortalecer la institucionalidad en el Departamento del Beni.',NULL,'2019-11-22','[{\"download_link\":\"publications\\/October2021\\/w3fRbtl2gZKQzFpYofpG.pdf\",\"original_name\":\"11-22-2019_LD_92_LEY_DE_CONSTRUCCION_DEL_EDIFICIO_DE_LA_ASAMBLEA_DPTAL_DEL_BENI.pdf\"}]',0,0,'2021-10-14 15:02:38','2021-10-14 15:02:38',NULL),(19,1,NULL,'LEY 93 PLAN DEPARTAMENTAL DE USO DEL SUELO DEL BENI',NULL,'La presente ley tiene por objeto aprobar el Plan Departamental de Uso del Suelo del Beni (PLUS – BENI), así como establecer otras disposiciones para su implementación y ejecución.',NULL,'2019-11-26','[{\"download_link\":\"publications\\/October2021\\/XaqLHUzyfhXB5fxT6T3d.pdf\",\"original_name\":\"11-26-2019_LD_93_LEY_PLAN_DEPARTAMENTAL_DE_USO_DEL_SUELO_DEL_BENI.pdf\"}]',0,0,'2021-10-14 15:06:13','2021-10-14 15:06:13',NULL),(20,1,NULL,'LEY 86 LEY DEPARTAMENTAL DE PERSONALIDADES JURÍDICAS',NULL,'La presente Ley tiene por objeto establecer el marco normativo para la otorgación, reconocimiento, modificación, extinción, revocación o anulación de personalidad jurídica a organizaciones sociales, organizaciones no gubernamentales, fundaciones y otras entidades civiles sin fines de lucro, que desarrollen actividades en la jurisdicción del Departamento del Beni.',NULL,'2018-11-27','[{\"download_link\":\"publications\\/October2021\\/o15UcgCCAjLijcIETZ3R.pdf\",\"original_name\":\"11-27-2018_LD_86_LEY_DEPARATAMENTAL_DE_PERSONALIDADES_JURIDICAS.pdf\"}]',0,0,'2021-10-14 15:17:25','2021-10-14 15:17:25',NULL),(21,1,NULL,'LEY 103 LEY DE TRANSICION INTEGRAL Y TRANSPARENTE DEL GAD DEL BENI',NULL,'La presente ley tiene por objeto establecer el alcance y procedimiento para desarrollar el proceso de transición integral y transparente del Gobierno Autónomo Departamental del Beni',NULL,'2021-04-26','[{\"download_link\":\"publications\\/October2021\\/ilLr5yXb4k3T9jXXTRqk.pdf\",\"original_name\":\"ley_103.pdf\"}]',0,0,'2021-10-14 15:22:48','2021-10-14 15:22:48',NULL),(22,1,NULL,'LEY 94 LEY DE APROBACIÓN DE FINANCIAMIENTO PARA LA GESTIÓN DEL CRÉDITO ANTE EL FONDO NACIONAL DE DESARROLLO REGIONAL (FNDR) PARA EL PROGRAMA “PROYECTO DE INVERSIÓN PUBLICA”',NULL,'La presente Ley tiene por objeto aprobar la gestión del crédito del Gobierno Autónomo Departamental del Beni ante el Fondo Nacional de Desarrollo Regional (FNDR), en el marco del programa “Proyecto de Inversión Pública”, así como declarar de prioridad departamental la ejecución de proyectos de inversión pública y establecer otras disposiciones relacionadas a la gestión del crédito.',NULL,'2019-12-27','[{\"download_link\":\"publications\\/October2021\\/bBIN1WElL6ENpgGalzdq.pdf\",\"original_name\":\"Ley_Departamental_N_94_1.pdf\"}]',0,0,'2021-10-14 15:34:04','2021-10-14 15:34:04',NULL),(23,1,NULL,'LEY 99 LEY DE LA ORGANIZACIÓN BÁSICA DEL ÓRGANO EJECUTIVO DEL GOBIERNO AUTÓNOMO DEPARTAMENTAL DEL BENI',NULL,'La presente ley tiene por objeto aprobar la estructura básica del Órgano Ejecutivo del Gobierno Autónomo Departamental del Beni, atribuciones y funciones, así como establecer la jerarquía normativa.',NULL,'2020-05-08','[{\"download_link\":\"publications\\/October2021\\/lKLmYbwAtpE3BMcTOm6v.pdf\",\"original_name\":\"LEY_N_99_protegida.pdf\"}]',0,0,'2021-10-14 15:37:05','2021-10-14 15:37:05',NULL),(24,1,NULL,'LEY 100 LEY DEPARTAMENTAL DE FORTALECIMIENTO DE MEDIDAS CONTRA EL CONTAGIO Y PROPAGACION DEL CORONAVIRUS EN EL DEPARTAMENTO DEL BENI',NULL,'La presente ley tiene por objeto fortalecer las medidas del Gobierno Autónomo Departamental del Beni para evitar el contagio y la propagación del Coronavirus COVID 19, en la jurisdicción departamental.',NULL,'2020-05-16','[{\"download_link\":\"publications\\/October2021\\/6kHkgVVVb17iMW0p5XBK.pdf\",\"original_name\":\"LEY_N_100_p.pdf\"}]',0,0,'2021-10-14 15:40:50','2021-10-14 15:40:50',NULL),(25,1,NULL,'LEY 101 LEY DEPARTAMENTAL QUE ELEVA A RANGO DE LEY EL DECRETO DEPARTAMENTAL N° 16/2020 DE DECLARATORIA DE DESASTRE SANITARIO DEPARTAMENTAL',NULL,'Se eleva a rango de Ley, el Decreto Departamental N° 16/2020 de fecha 21 de mayo de 2020, de Declaratoria de Desastre Sanitario Departamental por la propagación del Coronavirus COVID -19, en la jurisdicción del Departamento del Beni.',NULL,'2020-05-25','[{\"download_link\":\"publications\\/October2021\\/V5QhJW9AmIql0nsRbGM7.pdf\",\"original_name\":\"LEY_N_101.pdf\"}]',0,0,'2021-10-14 15:42:31','2021-10-14 15:42:31',NULL),(26,1,NULL,'LEY 102 LEY DEL PRESUPUESTO PLURIANUAL AJUSTADO, PLAN OPERATIVO ANUAL (POA) Y PRESUPUESTO INSTITUCIONAL DEL GOBIERNO AUTÓNOMO DEPARTAMENTAL DEL BENI GESTIÓN 2021',NULL,'La presente Ley Departamental tiene por objeto aprobar el Presupuesto Plurianual ajustado, el Plan Operativo Anual (POA) y el Presupuesto Institucional Gestión - 2021 del Gobierno Autónomo Departamental del Beni, así como establecer otras disposiciones específicas para su aplicación.',NULL,'2020-09-25','[{\"download_link\":\"publications\\/October2021\\/yVIsG1q7J2fxDifN9KvV.pdf\",\"original_name\":\"LEY_PRESUPUESTO_N102_POA_1.pdf\"}]',0,0,'2021-10-14 15:51:08','2021-10-14 15:51:08',NULL),(27,1,NULL,'LEY 104 LEY DEL PRESUPUESTO PLURIANUAL AJUSTADO (PPA), PLAN OPERATIVO ANUAL (POA) Y PRESUPUESTO INSTITUCIONAL DEL GOBIERNO AUTÓNOMO DEPARTAMENTAL DEL BENI - GESTIÓN 2022',NULL,'La presente ley Departamental tiene por objeto aprobar el Presupuesto Plurianual Ajustado (PPA), el Plan Operativo Anual (POA) y el Presupuesto Institucional del Gobierno Autónomo Departamental del Beni - Gestión 2022, así como establecer otras disposiciones específicas para su aplicación.','2021-09-17','2021-09-17','[{\"download_link\":\"publications\\/October2021\\/0C6Tuc0qCmb0AOoReXFT.pdf\",\"original_name\":\"Ley Presupuesto 2022 GAD Beni.pdf\"}]',1,0,'2021-10-14 15:55:04','2021-10-14 15:57:38',NULL),(28,1,NULL,'LEY 85 LEY DE RATIFICACION DE LA DECLARACION DE HERMANDAD ENTRE EL GAD DEL BENI-BOLIVIA Y EL GOBIERNO DEL ESTADO DE RONDONIA – BRASIL',NULL,'LEY DE RATIFICACIÓN DE LA DECLARACIÓN DE HERMANDAD ENTRE EL GOBIERNO AUTONOMO DEPARTAMENTAL DEL BENI  BOLIVIA Y EL GOBIERNO DEL ESTADO DE RONDONIA - BRASIL',NULL,'2018-11-14','[{\"download_link\":\"publications\\/October2021\\/RTKniB8WL2sDsbC8k4H9.pdf\",\"original_name\":\"11-14-2018 LD 85 LEY DE RATIFICACI\\u00d3N DE LA DECLARACI\\u00d3N DE HERMANDAD.pdf\"}]',0,0,'2021-10-15 08:56:56','2021-10-15 08:56:56',NULL),(29,1,NULL,'LEY 01 LEY TRANSITORIA PARA LA POSESIÓN DE SUBGOBERNADORES Y SUBGOBERNADORAS Y CORREGIDORAS Y CORREGIDORES ELECTAS(OS) DEL DEPARTAMENTO DEL BENI',NULL,'La presente ley tiene por objeto Regular y establecer los mecanismos para el Juramento y Toma de Posesión de Subgobernadoras y Subgobernadores Corregidoras y Corregidores electos(as) el 04 de abril de 2010, en el Departamento del Beni y Establecer y definir atribuciones transitorias a Subgobernadoras y Subgobernadores y Corregidoras y Corregidores electos.',NULL,'2010-07-08','[]',0,0,'2021-10-15 09:33:28','2021-10-15 09:33:28',NULL),(30,1,NULL,'LEY 02 LEY DEPARTAMENTAL DEL PRESUPUESTO 2011 DEL GOBIERNO DEPARTAMENTAL AUTÓNOMO DEL BENI',NULL,'Aprobar el presupuesto del Gobierno Departamental Autónomo del Beni correspondiente a la gestión fiscal del año 2011, con un monto de Bs. 295.065.524,00 (DOSCIENTOS NOVENTA Y CINCO MILLONES SESENTA Y CINCO MIL QUINIENTOS VEINTICUATRO 00/100 BOLIVIANOS),',NULL,'2010-10-16','[{\"download_link\":\"publications\\/October2021\\/r5yoNEGaWMwzl1oCuIoU.pdf\",\"original_name\":\"10-16-2010 LD 002.pdf\"}]',0,0,'2021-10-15 09:36:28','2021-10-15 09:36:28',NULL),(31,1,NULL,'LEY 03 LEY DE RECONOCIMIENTO A LA GESTA LIBERTARIA INDÍGENA DE MOJOS, EN EL AÑO DEL BICENTENARIO',NULL,'El objeto de la presente Ley Departamental es hacer un justo reconocimiento a la gran gesta libertaria de Mojos de 1810, a sus líderes indígenas Pedro Ignacio Muiba, José Bopi, Gregorio Gonzales y todos los próceres que hicieron posible este movimiento independentista, y mantener vivo el espíritu de libertad y autodeterminación del pueblo beniano por el que lucharon nuestros valerosos antepasados.',NULL,'2010-11-09','[{\"download_link\":\"publications\\/October2021\\/yjsiyIoRU0eqlYI5Hd31.pdf\",\"original_name\":\"11-09-2010 LD 003.pdf\"}]',0,0,'2021-10-15 10:55:12','2021-10-15 10:55:12',NULL),(32,1,NULL,'LEY 04 LEY DEPARTAMENTAL QUE APRUEBA LA TERCERA MODIFICACIÓN PRESUPUESTARIA DE LA GESTIÓN 2010',NULL,'Aprobar la Tercera Modificación Presupuestaria del Gobierno Departamental Autónomo del Beni correspondiente a la Gestión Fiscal del año 2010, con un monto de Bs. 40.196.750,00 (CUARENTA MILLONES CIENTO NOVENTA Y SEIS MIL SETECIENTOS CINCUENTA 00/100 BOLIVIANOS)',NULL,'2010-12-22','[{\"download_link\":\"publications\\/October2021\\/Ug3XvpGDR320gpxAP2rQ.pdf\",\"original_name\":\"12-22-2010 LD 004.pdf\"}]',0,0,'2021-10-15 10:56:35','2021-10-15 10:56:35',NULL),(33,2,NULL,'DECRETO DEPARTAMENTAL 01/2010',NULL,'El presente Decreto tiene por objeto aprobar la Estructura Transitoria de la Gobernación del Departamento Autónomo del Beni, así como establecer el número y atribuciones de los Secretarías Departamentales, las Direcciones, Unidades Concentradas, las Unidades Desconcentradas y los Niveles Desconcentrados, así como, el procedimiento para las iniciativas legislativas institucionales y otras normas relacionadas con la organización de la Gobernación del Departamento.',NULL,'2010-06-28','[{\"download_link\":\"publications\\/October2021\\/JLa9AjXzOj7DIco0UEo7.pdf\",\"original_name\":\"06-28-2017 DD 01.pdf\"}]',0,0,'2021-10-15 11:29:25','2022-10-14 13:44:38',NULL),(34,2,NULL,'DECRETO DEPARTAMENTAL 02/2010',NULL,'El objeto del presente Decreto es reglamentar la liquidación del Servicio Prefectural de Caminos SEPCAM, que en adelante se denominará \"Servicio Prefectural de Caminos: SEPCAM BENI en Liquidación\".',NULL,'2010-06-30','[{\"download_link\":\"publications\\/October2021\\/4UdTYEj4GI7Vdr8uKxuD.pdf\",\"original_name\":\"06-30 2010 DD 02 SEPCAM.pdf\"}]',0,0,'2021-10-15 11:37:49','2022-10-14 13:47:29',NULL),(35,2,NULL,'DECRETO DEPARTAMENTAL 03/2010',NULL,'El presente Decreto Departamental tiene por objeto Declarar Situación de Emergencia de Carácter Departamental.',NULL,'2010-08-24','[{\"download_link\":\"publications\\/October2021\\/PmwWxFzMLgSwh3stQXIf.pdf\",\"original_name\":\"08-24-2010 DD 03.pdf\"}]',0,0,'2021-10-15 11:43:02','2022-10-14 13:47:52',NULL),(36,2,NULL,'DECRETO DEPARTAMENTAL 04/2010',NULL,'Declarase tres días de duelo Departamental por la irreparable pérdida de quien en vida fue Dr. Javier Chávez Velasco, Secretario Departamental de Medio Ambiente, Cambio Climático y de Desarrollo Agropecuario de la Gobernación del Departamento Autónomo del Beni, destacado ciudadano, meritorio profesional y eficiente servidor público.',NULL,'2010-08-30','[{\"download_link\":\"publications\\/October2021\\/cHS17JRkhYTInUWe0hVD.pdf\",\"original_name\":\"08-30-2010 DD 04.pdf\"}]',0,0,'2021-10-15 11:47:10','2022-10-14 13:48:16',NULL),(37,2,NULL,'DECRETO DEPARTAMENTAL 05/2010',NULL,'El presente Decreto Departamental crea de manera transitoria las Unidades Ejecutoras Provinciales Desconcentradas (U.E.P.D) como órganos operativos de ámbito provincial dependientes operativa y funcionalmente de la Subgobernación de cada Provincia y así atender de manera desconcentrada las necesidades de desarrollo vial en el Departamento del Beni.',NULL,'2010-10-18','[{\"download_link\":\"publications\\/October2021\\/ebAWagbbf2cKbuIbR8lw.pdf\",\"original_name\":\"10-18-2010 DD 05.pdf\"}]',0,0,'2021-10-15 11:50:31','2022-10-14 13:48:36',NULL),(38,2,NULL,'DECRETO DEPARTAMENTAL 06/2010',NULL,'Se declara situación de EMERGENCIA SANITARIA DEPARTAMENTAL, en toda la jurisdicción del departamento del Beni.',NULL,'2010-12-27','[{\"download_link\":\"publications\\/October2021\\/KktyT1g2uxKBgmvgwn1I.pdf\",\"original_name\":\"12-27-2010 DD 06.pdf\"}]',0,0,'2021-10-15 13:44:16','2022-10-14 13:48:59',NULL),(39,2,NULL,'DECRETO DEPARTAMENTAL 07/2010',NULL,'El presente Decreto tiene por objeto aprobar la modificación del Artículo 2°, del Decreto Departamental N° 01/2010, en lo relativo al Nivel Superior, modificando el estatus de la Comisión de Límites.',NULL,'2010-12-31','[{\"download_link\":\"publications\\/October2021\\/QlnuCFfKPfjMTNgiZvd6.pdf\",\"original_name\":\"12-31-2010 DD 07.pdf\"}]',0,0,'2021-10-15 13:47:57','2022-10-14 13:49:24',NULL),(40,2,NULL,'DECRETO DEPARTAMENTAL 02/2011',NULL,'Se implementa la Gaceta Oficial del Departamento Autónomo del Beni, como Entidad encargada de registrar y publicar las Leyes, Decretos, Resoluciones, normativas, manuales, informes, valorados y otro tipo de documentación oficial de interés y conocimiento Departamental, que promulgue el Gobierno Departamental.',NULL,'2011-01-10','[{\"download_link\":\"publications\\/October2021\\/6Lwx8I8IZqgFwbxwbkHV.pdf\",\"original_name\":\"01-10-2011 DD 02.pdf\"}]',0,0,'2021-10-15 13:55:02','2022-10-14 13:49:47',NULL),(41,3,NULL,'DECRETO DE GOBERNACION 01/2010',NULL,'Se HOMOLOGA  la  Estructura  Orgánica  Interna,  aprobada  por la    Resolución  del Consejo   Departamental    Nº   23/201O    y  Resolución   Prefectura!   Nº  78/201O,    como  la   Estructura   de\r\nOrganización Administrativa  Institucional de la Gobernación del Departamento Autónomo  del Beni.',NULL,'2010-06-01','[{\"download_link\":\"publications\\/October2021\\/7OJ7aSczqbk9thAcO7VI.pdf\",\"original_name\":\"01-06-2010 DG 01.pdf\"}]',0,0,'2021-10-18 10:45:03','2022-10-14 13:36:01',NULL),(42,3,NULL,'DECRETO DE GOBERNACION 02/2010',NULL,'Designar Secretarias y Secretarios Departamentales',NULL,'2010-06-01','[{\"download_link\":\"publications\\/October2021\\/Suldqj1FMcII9ncbA6Nu.pdf\",\"original_name\":\"06-01-2010 DG 02.pdf\"}]',0,0,'2021-10-18 10:46:54','2022-10-14 13:36:26',NULL),(43,3,NULL,'DECRETO DE GOBERNACION 03/2010',NULL,'El objeto del presente Decreto de Gobernación es declarar la liquidación del Servicio Prefectura! de Caminos del Beni a los efectos de realizar eI cierre administrativo definitivo del mencionado servicio.',NULL,'2010-06-03','[{\"download_link\":\"publications\\/October2021\\/puoLjIsr5FeUJaLxDvWG.pdf\",\"original_name\":\"06-03-2010 DG 03.pdf\"}]',0,0,'2021-10-18 10:52:15','2021-10-18 10:52:15',NULL),(44,3,NULL,'DECRETO DE GOBERNACION 04/2010',NULL,'La sede de funciones de los sub gobernadores y gobernadoras es la capital de la provincia y la sede de funciones de los corregidores y corregidoras, la capital de la Sección Municipal.',NULL,'2010-06-14','[{\"download_link\":\"publications\\/October2021\\/4RBtdyQEf9XMwzn3IwmA.pdf\",\"original_name\":\"06-14-2010 DG 04.pdf\"}]',0,0,'2021-10-18 11:23:38','2021-10-18 11:23:38',NULL),(45,3,NULL,'DECRETO DE GOBERNACION 05/2010',NULL,'DESIGNACION DE SECRETARIO DEPARTAMENTAL DE MEDIO AMBIENTE, CAMBIO CLIMÁTICO Y DESARROLLO AGROPECUARIO',NULL,'2010-06-28','[{\"download_link\":\"publications\\/October2021\\/EgHiimcpp7TYwSDpRmTP.pdf\",\"original_name\":\"06-28-2010 DG 05.pdf\"}]',0,0,'2021-10-18 11:25:48','2022-10-14 13:36:52',NULL),(47,3,NULL,'DECRETO DE GOBERNACION 08/2010',NULL,'DESIGNACIÓN DE SECRETARIO DEPARTAMENTAL MEDIO AMBIENTE, CAMBIO CLIMÁTICO Y DESARROLLO AGROPECUARIO',NULL,'2010-11-30','[{\"download_link\":\"publications\\/October2021\\/PaYKOdSNTg4PfM4i0j1Y.pdf\",\"original_name\":\"11-30-2010 DG 08.pdf\"}]',0,0,'2021-10-18 11:29:01','2022-10-14 13:43:12',NULL),(49,4,NULL,'RESOLUCION DE GOBERNACION  013/2021',NULL,'Otorgar, Registrar y Protocolizar la Personalidad Jurídica.',NULL,'2021-07-01','[{\"download_link\":\"publications\\/October2021\\/JXZs3oeUI90Dy75hpqxQ.pdf\",\"original_name\":\"RESOLUCION DE GOBERNACION  013.pdf\"}]',0,0,'2021-10-20 10:49:17','2021-10-20 10:49:17',NULL),(51,4,NULL,'RESOLUCION DE GOBERNACION 056/2021',NULL,'Otorgar, Registrar y Protocolizar la Personalidad Jurídica',NULL,'2021-09-01','[{\"download_link\":\"publications\\/October2021\\/zd61ULI7RO2ICu2P5oFW.pdf\",\"original_name\":\"RESOLUCION DE GOBERNACION 056.pdf\"}]',0,0,'2021-10-20 15:50:42','2021-10-20 15:50:42',NULL),(52,4,NULL,'RESOLUCIÓN   DE GOBERNACIÓN 017/2021',NULL,'Designar Director de Banco de Sangre',NULL,'2021-07-02','[{\"download_link\":\"publications\\/October2021\\/4ZgONT4fVxQ41QVYjfnJ.pdf\",\"original_name\":\"RESOLUCI\\u00d3N   DE GOBERNACI\\u00d3N   N\\u00ba 017.pdf\"}]',0,0,'2021-10-21 10:12:40','2022-10-14 13:33:00',NULL),(53,4,NULL,'RESOLUCIÓN DE GOBERNACIÓN 028/2021',NULL,':  Disponer el embanderarniento general con la iza de la Bandera Nacional, Bandera Departamental y la Bandera con la Flor de Patujú en los edificios públicos y privados, durante  el mes de agosto,  en homenaje  a nuestra  fiesta  patria.',NULL,'2021-08-02','[{\"download_link\":\"publications\\/October2021\\/yY7jPAlLojVRL8JFlZoi.pdf\",\"original_name\":\"RESOLUCI\\u00d3N DE GOBERNACI\\u00d3N N\\u00ba 028.pdf\"}]',0,0,'2021-10-21 10:29:15','2021-10-21 10:29:15',NULL),(54,4,NULL,'RESOLUCION DE GOBERNACION 059/2021',NULL,'Otorgar, Registrar y Protocolizar la Personalidad Jurídica',NULL,'2021-09-02','[{\"download_link\":\"publications\\/October2021\\/7vTG48qAeYu7eVdzVCVr.pdf\",\"original_name\":\"RESOLUCION DE GOBERNACION N 59.pdf\"}]',0,0,'2021-10-21 11:07:39','2021-10-21 11:07:39',NULL),(57,4,NULL,'RESOLUCIÓN DE GOBERNACIÓN 049/2021',NULL,'DESIGNAR DIRECTOR DE LA DIRECCIÓN DE GESTION DE RIESGOS- COE - DESCONCENTRADA',NULL,'2021-05-04','[{\"download_link\":\"publications\\/October2021\\/hMsUFVQO1O7x4qTl1aGE.pdf\",\"original_name\":\"RESOLUCI\\u00d3N DE GOBERNACI\\u00d3N N\\u00ba 49.pdf\"}]',0,0,'2021-10-22 09:38:37','2022-10-14 13:34:23',NULL),(58,4,NULL,'RESOLUCIÓN DE GOBERNACIÓN 48/2021',NULL,'DESIGNAR DIRECTOR  DEL SERVICIO  DEPARTAMENTAL DE DEPORTES - SEDEDE BENI',NULL,'2021-05-04','[{\"download_link\":\"publications\\/October2021\\/D5SQZAfxJMLcAliutCio.pdf\",\"original_name\":\"RESOLUCI\\u00d3N DE GOBERNACI\\u00d3N 48.pdf\"}]',0,0,'2021-10-22 11:03:33','2022-10-14 13:34:42',NULL),(59,4,NULL,'RESOLUCIÓN DE GOBERNACIÓN 033/2021',NULL,'Otorgar  y Reconocer  la Personalidad  Jurídica',NULL,'2021-08-04','[{\"download_link\":\"publications\\/October2021\\/rpIEeamcG4HKna7dZ6gb.pdf\",\"original_name\":\"RESOLUCI\\u00d3N DE GOBERNACI\\u00d3N 33.pdf\"}]',0,0,'2021-10-22 16:01:57','2021-10-22 16:01:57',NULL),(60,4,NULL,'RESOLUCIÓN DE GOBERNACIÓN 50/2021',NULL,'DESIGNAR NOTARIO  DE  GOBIERNO',NULL,'2021-05-05','[{\"download_link\":\"publications\\/October2021\\/XHptfAaVRQrNTjXsFtAn.pdf\",\"original_name\":\"RESOLUCI\\u00d3N DE GOBERNACI\\u00d3N 50.pdf\"}]',0,0,'2021-10-25 10:57:52','2022-10-14 13:35:08',NULL),(61,4,NULL,'RESOLUCIÓN DE GOBERNACIÓN 51/2021',NULL,'DESIGNACIÓN DIRECTORA  DEL  SERVICIO DEPARTAMENTAL DE GESTIÓN  SOCIAL  - SEDEGES',NULL,'2021-05-05','[{\"download_link\":\"publications\\/October2021\\/MVDNI1nhoFHpkvpdyHY8.pdf\",\"original_name\":\"RESOLUCI\\u00d3N DE GOBERNACI\\u00d3N N\\u00ba 51.pdf\"}]',0,0,'2021-10-25 11:15:51','2022-10-14 13:31:27',NULL),(62,4,NULL,'RESOLUCIÓN DE GOBERNACIÓN 52/2021',NULL,'DESIGNAR A DIRECTOR DE COORDINACIÓN MUNICIPAL',NULL,'2021-05-05','[{\"download_link\":\"publications\\/October2021\\/XELQNUWSwDfUNyc4VIHC.pdf\",\"original_name\":\"RESOLUCI\\u00d3N DE GOBERNACI\\u00d3N N\\u00ba 52.pdf\"}]',0,0,'2021-10-25 11:51:42','2022-10-14 13:31:49',NULL),(63,4,NULL,'RESOLUCIÓN DE GOBERNACIÓN 018/2021',NULL,'Otorgar y Reconocer  la Personalidad  Jurídica',NULL,'2021-07-05','[{\"download_link\":\"publications\\/October2021\\/64o1AQ34e4Z7qDM5Ntn5.pdf\",\"original_name\":\"RESOLUCI\\u00d3N DE GOBERNACI\\u00d3N 018.pdf\"}]',0,0,'2021-10-25 14:47:29','2021-10-25 14:47:29',NULL),(64,4,NULL,'RESOLUCION DE GOBERNACION 016/2021',NULL,'Otorgar, Registrar y Protocolizar la Personalidad Jurídica',NULL,'2021-07-06','[{\"download_link\":\"publications\\/October2021\\/stMicvKoGNk30lMVyqbX.pdf\",\"original_name\":\"RESOLUCION DE GOBERNACION 016.pdf\"}]',0,0,'2021-10-26 15:33:17','2021-10-26 15:33:17',NULL),(65,4,NULL,'RESOLUCIÓN DE GOBERNACIÓN 01/2021',NULL,'Otorgar y Reconocer la Personalidad Jurídica',NULL,'2021-01-07','[{\"download_link\":\"publications\\/October2021\\/Ly6jF7kYWL4nGfoxIwuB.pdf\",\"original_name\":\"RESOLUCI\\u00d3N DE GOBERNACI\\u00d3N N\\u00ba 01.pdf\"}]',0,0,'2021-10-27 10:09:39','2021-10-27 10:09:39',NULL),(66,4,NULL,'RESOLUCIÓN DE GOBERNACIÓN 02/2021',NULL,'Otorgar y Reconocer la Personalidad Jurídica',NULL,'2021-01-07','[{\"download_link\":\"publications\\/October2021\\/gwE9gDuOdBD4MMYFOALB.pdf\",\"original_name\":\"RESOLUCI\\u00d3N DE GOBERNACI\\u00d3N N\\u00ba 02.pdf\"}]',0,0,'2021-10-27 10:53:51','2021-10-27 10:53:51',NULL),(67,4,NULL,'RESOLUCION DE GOBERNACION 43/2021',NULL,'Aprobar el Reglamento Interno Para Casas de Acogida  y Refugio Temporal del Gobierno Autónomo  Departamental  del Beni en sus Siete (7) Capítulos, Cuarenta y Cinco (45) Artículos y Dos (2) Disposiciones   Finales  así  como  las fichas  de  Usuarias o  Usuarios  que  en Anexos  forman  parte  del Reglamento aprobado mediante la presente Resolución de Gobernación.',NULL,'2021-04-07','[{\"download_link\":\"publications\\/October2021\\/WKDBbuq21dOeJI5jJ1K8.pdf\",\"original_name\":\"RESOLUCION DE GOBERNACION N\\u00ba 43.pdf\"}]',0,0,'2021-10-27 14:05:44','2021-10-27 14:05:44',NULL),(68,4,NULL,'RESOLUCIÓN  DE GOBERNACION  019/2021',NULL,'DELEGAR  a la servidora pública XIMENA ZAMBRANO CAMPOS - DIRECTORA  DEL  SERVICIO  DEPARTAMENTAL DE GESTIÓN  SOCIAL  (SEDEGES) ATRIBUCIONES',NULL,'2021-07-07','[{\"download_link\":\"publications\\/October2021\\/b3L9fljrpHMNsRSqrwRj.pdf\",\"original_name\":\"RESOLUCI\\u00d3N  DE GOBERNACION  N\\u00ba 019.pdf\"}]',0,0,'2021-10-27 15:59:39','2021-10-27 15:59:39',NULL),(69,4,NULL,'RESOLUCIÓN DE GOBERNACIÓN 060/2021',NULL,'DESIGNAR DIRECTOR DEL  HOSPITAL \"Pdte. GERMAN  BUSCH\"',NULL,'2021-09-07','[{\"download_link\":\"publications\\/October2021\\/Ngiwm2eGTRVGuOce4r87.pdf\",\"original_name\":\"RESOLUCI\\u00d3N DE GOBERNACI\\u00d3N N\\u00ba 060.pdf\"}]',0,0,'2021-10-28 11:31:27','2022-10-14 13:32:28',NULL),(70,4,NULL,'RESOLUCION DE GOBERNACION 03/2021',NULL,'OTORGAR Y RECONOCER PERSONERÍA JURÍDICA',NULL,'2021-01-08','[{\"download_link\":\"publications\\/November2021\\/4whtl4hukY0bQgqF2vGa.pdf\",\"original_name\":\"RESOLUCION DE GOBERNACION N 03.pdf\"}]',0,0,'2021-11-01 10:27:24','2021-11-01 10:27:24',NULL),(71,4,NULL,'RESOLUCION DE GOBERNACIÓN 4/2021',NULL,'DESIGNAR DIRECTORA DEL SERVICIO DEPARTAMENTAL DE GESTIÓN SOCIAL - SEDEGES',NULL,'2021-01-08','[{\"download_link\":\"publications\\/November2021\\/fkGdHT7YwdGxYKicmPPd.pdf\",\"original_name\":\"RESOLUCION DE GOBERNACI\\u00d3N N 4.pdf\"}]',0,0,'2021-11-01 11:22:25','2022-10-14 13:25:32',NULL),(72,4,NULL,'RESOLUCION  DE GOBERNACIÓN  06/2021',NULL,'DESIGNAR DIRECTORA DE COORDINACIÓN  MUNICIPAL',NULL,'2021-01-08','[{\"download_link\":\"publications\\/November2021\\/Gf0P6JegAalgSGy98R13.pdf\",\"original_name\":\"RESOLUCION  DE GOBERNACI\\u00d3N  N\\u00ba 06.pdf\"}]',0,0,'2021-11-05 09:06:52','2022-10-14 13:25:58',NULL),(73,4,NULL,'RESOLUCION DE GOBERNACIÓN 07/2021',NULL,'DESIGNAR DIRECTORA  DEPARTAMENTAL  JUVENTUDES',NULL,'2021-01-08','[{\"download_link\":\"publications\\/November2021\\/yzqSf5Go88D9tR8IUDyq.pdf\",\"original_name\":\"RESOLUCION DE GOBERNACI\\u00d3N N 07.pdf\"}]',0,0,'2021-11-05 09:09:00','2022-10-14 13:26:29',NULL),(74,4,NULL,'RESOLUCION DE GOBERNACIÓN 05/2021',NULL,'DESIGNAR DIRECTOR DEL SERVICIO  DEPARTAMENTAL DEL SEDES-BENI',NULL,'2021-01-08','[{\"download_link\":\"publications\\/November2021\\/7rhfyprV5NjMMdeW09S4.pdf\",\"original_name\":\"RESOLUCION DE GOBERNACI\\u00d3N N\\u00ba 05.pdf\"}]',0,0,'2021-11-05 09:14:37','2022-10-14 13:26:53',NULL),(76,4,NULL,'RESOLUCION DE GOBERNACION 021/2021',NULL,'Actualizar, Registrar y Protocolizar la Personalidad Jurídica',NULL,'2021-07-08','[{\"download_link\":\"publications\\/November2021\\/BBEClmn26mn9sQYr12dT.pdf\",\"original_name\":\"RESOLUCION DE GOBERNACION 021.pdf\"}]',0,0,'2021-11-05 12:11:45','2021-11-05 12:11:45',NULL),(77,4,NULL,'RESOLUCION DE GOBERNACION  061/2021',NULL,'Otorgar, Registrar y Protocolizar la Personalidad Jurídica',NULL,'2021-09-08','[{\"download_link\":\"publications\\/November2021\\/eYQMHF7tvfhmKGpK1WqK.pdf\",\"original_name\":\"RESOLUCION DE GOBERNACION  061.pdf\"}]',0,0,'2021-11-08 15:08:15','2021-11-08 15:08:15',NULL),(78,2,NULL,'DECRETO DEPARTAMENTAL 014/2021',NULL,'El presente Decreto Departamental, tiene por objeto dar cumplimiento a las disposiciones contenidas en la Ley Departamental N° 003/2010 de fecha 09 de Noviembre de 2010  que dispone hacer un justo reconocimiento a la  Gran Gesta libertaria de Mojos de 1810.','2021-11-05','2021-11-05','[{\"download_link\":\"publications\\/November2021\\/xv93KINXbrG0XHP4YY0v.pdf\",\"original_name\":\"DECRETO DEPARTAMENTAL N 014.pdf\"}]',0,0,'2021-11-09 10:45:18','2022-10-14 13:30:09',NULL),(79,2,NULL,'DECRETO DEPARTAMENTAL 011/2021',NULL,'El presente Decreto Departamental, tiene por objeto el cumplimiento de la Ley Departamental N° 012/2011 de fecha 04 de octubre de 2011, en consecuencia, se decreta feriado departamental el jueves 07 de octubre de 2021, disponiéndose la suspensión de actividades públicas y privadas.',NULL,'2021-10-01','[{\"download_link\":\"publications\\/November2021\\/Ya8sMructIr4u7SGIjBd.pdf\",\"original_name\":\"DECRETO DEPARTAMENTAL N\\u00ba 011.pdf\"}]',0,0,'2021-11-09 11:14:20','2022-10-14 13:30:33',NULL),(80,4,NULL,'RESOLUCIÓN DE GOBERNACIÓN 014/2021',NULL,'Otorgar y Reconocer la Personalidad Jurídica',NULL,'2021-06-30','[{\"download_link\":\"publications\\/November2021\\/hjLrzMKig72FRkl7I3ML.pdf\",\"original_name\":\"RES DE GOB 014.pdf\"}]',0,0,'2021-11-12 10:18:05','2021-11-12 10:18:05',NULL),(81,4,NULL,'RESOLUCIÓN DE GOBERNACIÓN 015/2021',NULL,'Otorgar y Reconocer la Personalidad Jurídica',NULL,'2021-07-01','[{\"download_link\":\"publications\\/November2021\\/GmUfqamm61WYFNn4fdrY.pdf\",\"original_name\":\"RES DE GOB 015-2021.pdf\"}]',0,0,'2021-11-12 10:22:30','2021-11-12 10:22:30',NULL),(82,4,NULL,'RESOLUCIÓN DE GOBERNACIÓN 022/2021',NULL,'Otorgar y Reconocer la Personalidad Jurídica con validez en la Jurisdicción Territorial del Departamento del Beni a la “ASOCIACION DE NO VIDENTES SAN BORJA”, ubicada en el Municipio de San Borja, Provincia Cercado del Departamento de Beni.',NULL,'2021-07-23','[{\"download_link\":\"publications\\/November2021\\/tr4d9G5Pj7Kz8ODLfBmC.pdf\",\"original_name\":\"RES DE GOB 022.pdf\"}]',0,0,'2021-11-12 10:34:28','2021-11-12 10:34:28',NULL),(83,4,NULL,'RESOLUCIÓN DE GOBERNACIÓN 026/2021',NULL,'Otorgar y Reconocer la Personalidad Jurídica con validez en la Jurisdicción Territorial del Departamento del Beni a la Organización No Gubernamental “GRAN PAITITI”, ubicada en el Municipio de Trinidad, Provincia Cercado del Departamento de Beni.',NULL,'2021-07-23','[{\"download_link\":\"publications\\/November2021\\/VN3aEuElerIqdYizQvyv.pdf\",\"original_name\":\"RES DE GOB 026-2021.pdf\"}]',0,0,'2021-11-12 10:38:49','2021-11-12 10:38:49',NULL),(84,4,NULL,'RESOLUCIÓN DE GOBERNACIÓN 027/2021',NULL,'Otorgar y Reconocer la Personalidad Jurídica con validez en la Jurisdicción Territorial del Departamento del Beni a la “ASOCIACIÓN AGROPECUARIA PAITITI AAP”, ubicada en el Municipio de Trinidad, Provincia Cercado del Departamento de Beni.',NULL,'2021-07-29','[{\"download_link\":\"publications\\/November2021\\/c7sS152835TUdz5z8s8u.pdf\",\"original_name\":\"RES DE GOB 027.pdf\"}]',0,0,'2021-11-12 10:43:47','2021-11-12 10:43:47',NULL),(85,4,NULL,'RESOLUCIÓN DE GOBERNACIÓN 029/2021',NULL,'Otorgar y Reconocer la Personalidad Jurídica a la ASOCIACION AGROPECUARIA JIMENEZ “ASOJIMENEZ” con validez en la Jurisdicción Territorial del Departamento del Beni a la, ubicada en el Municipio de San Andrés, Provincia Marbán del Departamento de Beni.',NULL,'2021-07-30','[{\"download_link\":\"publications\\/November2021\\/LRrg3T1ndDDlIZj89eFG.pdf\",\"original_name\":\"RES DE GOB 029.pdf\"}]',0,0,'2021-11-12 12:41:16','2021-11-12 12:41:16',NULL),(87,4,NULL,'RESOLUCION DE GOBERNACIÓN 125/2021',NULL,'En el marco de las disposiciones legales vigentes, se dispone la suspensión de actividades públicas y privadas en toda la jurisdicción del Departamento del Beni, el día jueves 18 de noviembre del presente año, toda vez que esta fecha se constituye en feriado departamental en conmemoración a los 179 Aniversario de Creación del Departamento del Beni.','2021-11-15','2021-11-15','[{\"download_link\":\"publications\\/November2021\\/o45xjGyAJKS1Y0mhRCcG.pdf\",\"original_name\":\"RG 125 PARA PAGINA.pdf\"}]',0,0,'2021-11-17 14:04:54','2021-11-17 14:04:54',NULL),(88,2,NULL,'DECRETO DEPARTAMENTAL 015/2021',NULL,'“REGLAMENTACIÓN A LA LEY DEPARTAMENTAL No. 88 DEL CACAO NATIVO AMAZÓNICO DEL BENI”','2021-11-19','2021-11-19','[{\"download_link\":\"publications\\/December2021\\/ukcpRoRgax9VKCJrInkp.pdf\",\"original_name\":\"DECRETO DEPARTAMENTAL 15 REGLAMENTO LEY DEPARTAMENTAL DEL CACAO.pdf\"}]',0,0,'2021-12-02 15:49:57','2022-12-02 08:44:05',NULL),(89,4,NULL,'RESOLUCIÓN DE GOBERNACIÓN 042/2021',NULL,'Otorgar y Reconocer la Personalidad Jurídica a la ASOCIACION DE PRODUCTORES AGROPECUARIOS DE NUEVA ESPERANZA “A.PRO. A. EL PROGRESO” con validez en la Jurisdicción Territorial del Departamento del Beni a la, ubicada en el Municipio de Rurrenabaque, Provincia Gral. José Ballivián del Departamento de Beni.',NULL,'2021-08-13','[{\"download_link\":\"publications\\/December2021\\/nLFQpldTXPEAeeZJzLJL.pdf\",\"original_name\":\"RES DE GOB 042.pdf\"}]',0,0,'2021-12-03 09:23:27','2021-12-03 09:23:27',NULL),(90,4,NULL,'RESOLUCIÓN DE GOBERNACIÓN 072/2021',NULL,'Otorgar y Reconocer la Personalidad Jurídica a favor de la ASOCIACION “FONDO DE APOYO SOLIDARIO DEL ITENEZ”,  con validez en la Jurisdicción Territorial del Departamento del Beni, ubicada en el Municipio de Magdalena, Provincia Itenez del Departamento de Beni.',NULL,'2021-09-09','[{\"download_link\":\"publications\\/December2021\\/IH2SC0pPABF64SpSjuoV.pdf\",\"original_name\":\"RES DE GOB 072.pdf\"}]',0,0,'2021-12-07 10:42:22','2021-12-07 10:42:22',NULL),(91,4,NULL,'RESOLUCION  DE GOBERNACION  057/2021',NULL,'Otorgar y Protocolizar la Personalidad Jurídica de la COMUNIDAD GANADERA  \"MONTE  VERDE\"  del  Municipio   de  Baures  - Provincia lténez.',NULL,'2021-09-02','[{\"download_link\":\"publications\\/December2021\\/bDSc8mZOcJqpugkCdEK3.pdf\",\"original_name\":\"RESOLUCION  DE GOBERNACION  057.pdf\"}]',0,0,'2021-12-10 11:45:29','2021-12-10 11:45:29',NULL),(92,4,NULL,'RESOLUCION  DE GOBERNACION  083/2021',NULL,'Otorgar, Registrar y Protocolizar la Personalidad Jurídica de La   COMUNIDAD    CAMPESINA    AGRICOLA   GANADERA    ECOLOGICA    \"LA SANTÍSIMA  CRUZ\"  del Municipio de Trinidad - Provincia Cercado.',NULL,'2021-10-01','[{\"download_link\":\"publications\\/December2021\\/3nAc6LiCj1pKI7sd9FBo.pdf\",\"original_name\":\"RESOLUCION  DE GOBERNACION  083.pdf\"}]',0,0,'2021-12-27 14:28:11','2021-12-27 14:28:11',NULL),(93,3,NULL,'DECRETO DE GOBERNACIÓN 37/2021',NULL,'DESIGNAR SECRETARIO  DEPARTAMENTAL DE ADMINISTRACIÓN Y FINANZAS INTERINO',NULL,'2021-06-09','[{\"download_link\":\"publications\\/December2021\\/zL0c8SELFkbwXZERUwHj.pdf\",\"original_name\":\"DECRETO DE GOBERNACI\\u00d3N N\\u00ba 37.pdf\"}]',0,0,'2021-12-28 10:24:18','2022-10-14 13:03:14',NULL),(94,4,NULL,'RESOLUCION  DE GOBERNACION  035/2021',NULL,'Actualizar y Protocolizar la Personalidad Jurídica de la \"CENTRAL  SINDICAL ÚNICA TRABAJADORES  CAMPESINOS YACUMA\" del Municipio de Santa Ana-Provincia Yacuma.',NULL,'2021-08-11','[{\"download_link\":\"publications\\/December2021\\/ZJVDMQFIEok5vhOr3vqg.pdf\",\"original_name\":\"RESOLUCION  DE GOBERNACION  035.pdf\"}]',0,0,'2021-12-28 10:26:39','2021-12-28 10:26:39',NULL),(95,4,NULL,'RESOLUCION  DE GOBERNACION  064/2021',NULL,'Actualizar, Registrar Protocolizar la Personalidad Jurídica de la COMUNIDAD  CAMPESINA  \"LAGUNITA\" del Municipio de RURRENABAQUE - Provincia JOSÉ BALLIVIÁN.',NULL,'2021-09-08','[{\"download_link\":\"publications\\/December2021\\/Ai312ZZFt2G8Pbda1tz3.pdf\",\"original_name\":\"RESOLUCION  DE GOBERNACION  064.pdf\"}]',0,0,'2021-12-28 10:28:15','2021-12-28 10:28:15',NULL),(96,4,NULL,'RESOLUCION  DE GOBERNACION  071/2021',NULL,'Otorgar, Registrar y Protocolizar la Personalidad Jurídica de la  COMUNIDAD   CAMPESINA   \"GOSEN\"  del  Municipio  de  San  Andrés  - Provincia Marbán.',NULL,'2021-09-08','[{\"download_link\":\"publications\\/December2021\\/6XyJdc7Ne6YsYWnpVmwx.pdf\",\"original_name\":\"RESOLUCION  DE GOBERNACION  071.pdf\"}]',0,0,'2021-12-28 10:31:18','2021-12-28 10:31:18',NULL),(98,4,NULL,'RESOLUCION  DE GOBERNACIÓN  Nº 05/2021',NULL,'DESIGNAR AL DIRECTOR DEL SERVICIO DEPARTAMENTAL DEL SEDES-BENI DR. ERICK CIRILO VALLEJOS  SANDOVAL',NULL,'2021-01-08','[{\"download_link\":\"publications\\/December2021\\/1hEpFN0jh6oV6dqDzSd6.pdf\",\"original_name\":\"RESOLUCION  DE GOBERNACI\\u00d3N  N\\u00ba 05.pdf\"}]',0,0,'2021-12-28 10:44:47','2022-10-14 13:04:08',NULL),(99,4,NULL,'RESOLUCION  DE GOBERNACIÓN  06/2021',NULL,'Designar la ciudadana ALMA  ROSARIO  RODRIGUEZ  PALACHAY  DIRECTORA  DE  COORDINACIÓN   MUNICIPAL',NULL,'2021-01-08','[{\"download_link\":\"publications\\/December2021\\/kaot8ghFZRK2KUbicdur.pdf\",\"original_name\":\"RESOLUCION  DE GOBERNACI\\u00d3N  N\\u00ba 06.pdf\"}]',0,0,'2021-12-28 10:46:32','2022-10-14 13:18:26',NULL),(100,4,NULL,'RESOLUCION DE GOBERNACIÓN 8/2021',NULL,'Designar a JULIO GALARZA AVILA DIRECTOR  DE LA DIRECCIÓN  DE GESTIÓN DE RIESGOS- DESCONCENTRADA.',NULL,'2021-01-19','[{\"download_link\":\"publications\\/December2021\\/JqyDSUGGbqSrFbIYEyv3.pdf\",\"original_name\":\"RESOLUCION  DE GOBERNACI\\u00d3N  N\\u00ba 8.pdf\"}]',0,0,'2021-12-28 10:51:40','2022-10-14 13:15:13',NULL),(101,4,NULL,'RESOLUCIÓN  DE GOBERNACIÓN 073/2021',NULL,'Otorgar  y  Reconocer  la Personalidad  Jurídica  a  favor  de  la ASOCIACIÓN MIXTO  10 DE SEPTIEMBRE DE PANADEROS  Y VIVANDERAS DEL MERCADO MUNICIPAL DE REYES \"A.M 10 SEPT.P.V.M.R.\"',NULL,'2021-09-09','[{\"download_link\":\"publications\\/December2021\\/n7sj5kWHQOnjUgXA9sOW.pdf\",\"original_name\":\"RESOLUCI\\u00d3N  DE GOBERNACI\\u00d3N No 73.pdf\"}]',0,0,'2021-12-28 11:00:13','2021-12-28 11:00:13',NULL),(107,1,NULL,'Ley N°105','CULTURAL','LEY DE DECLARATORIA DE PATRIMONIO CULTURAL MATERIAL E INMATERIAL DEL DEPARTAMENTO DEL BENI AL INSTITUTO SUPERIOR DE MUSICA Y TURISMO DE SAN IGNACIO DE MOXOS Y EL ENSAMBLE MOXOS','2022-03-02','2022-02-23','[{\"download_link\":\"publications\\/March2022\\/XQmxWnBMFkrgvDMgt51j.pdf\",\"original_name\":\"Ley departamental N\\u00b0 105 Proyecto de Ley Instituto - FINAL PARA GAD.pdf\"}]',1,0,'2022-03-03 13:36:32','2022-03-03 13:36:32',NULL),(108,1,NULL,'LEY N° 106','ALIMENTOS','LEY DEPARTAMENTAL DE INCENTIVO AL CULTIVO, PRODUCCION, INDUSTRIALIZACION Y COMERCIALIZACION DEL ARROZ EN EL BENI','2022-03-02','2022-02-23','[{\"download_link\":\"publications\\/March2022\\/XoSJ4kecAsNato6WExhQ.pdf\",\"original_name\":\"Ley departamental N\\u00b0 106 Proyecto de ley de arroz - GAD.pdf\"}]',1,0,'2022-03-03 13:39:17','2022-03-03 13:39:17',NULL),(109,1,NULL,'LEY DEPARTAMENTAL N° 107','FIDEICOMISO','LEY DE APROBACIÓN DEL ENDEUDAMIENTO Y LA GESTIÓN DEL CRÉDITO ANTE EL FONDO NACIONAL DE DESARROLLO REGIONAL (FNDR) DEL \"FIDEICOMISO DE APOYO A LA REACCTIVACIÓN DE LA INVERSIÓN PÚBLICA\"','2022-04-01','2022-03-29','[{\"download_link\":\"publications\\/April2022\\/Gto9bBpFkPT0Jed4ek9C.pdf\",\"original_name\":\"LEY DEPARTAMENTAL N\\u00b0 107.pdf\"}]',0,0,'2022-04-01 15:18:13','2022-04-01 15:18:13',NULL),(112,1,NULL,'Ley Departamental N°108','APPD\"s.','Ley de Alianzas Publico Privadas en el Departamento del Beni','2022-04-19','2022-04-05','[{\"download_link\":\"publications\\/May2022\\/wyL3pODSAq8LvWN8PaJK.pdf\",\"original_name\":\"LEY N 108.pdf\"}]',0,0,'2022-05-24 13:11:04','2022-05-24 13:11:04',NULL),(113,1,NULL,'LEY DEPARTAMENTAL N° 110','IMPULSO VACUNACION CONTRA EL COVID-19','LEY DEPARTAMENTAL DE IMPULSO AL PROCESOS DE VACUNACIÓN CONTRA EL COVID-19 EN EL BENI','2022-05-26','2022-05-25','[{\"download_link\":\"publications\\/May2022\\/sS2xZtYwDQeoYwxnzJAS.pdf\",\"original_name\":\"110-25-05-2022 LEY LEY 110 DPTAL. DE IMPULSO AL PROCESO DE VACUNACION CONTRA EL COVID-19 EN EL BENI.pdf\"}]',0,0,'2022-05-26 13:12:06','2022-05-26 13:18:29',NULL),(114,1,NULL,'LEY DEPARTAMENTAL N 109','CONSTRUCCION DEL PUENTE RIO MAMORE DEL TRAMO TRINIDAD - SAN IGNACIO DE MOXOS','LEY DE DECLARATORIA DE PRIORIDAD Y NECESIDAD DEPARTAMENTAL LA CONSTRUCCIÓN DEL PUENTE SOBRE EL RIO MAMORE DEL TRAMO TRINIDAD-SAN IGNACIO DE MOXOS','2022-05-06','2022-05-04','[{\"download_link\":\"publications\\/May2022\\/rllqslhTuwGJz1i7LMcs.pdf\",\"original_name\":\"109 LEY DECLARACI\\u00d3N PRIORIDAD DEPARTAMENTAL CONSTRUCCI\\u00d3N PUENTE R\\u00cdO MAMORE final.pdf\"}]',0,0,'2022-05-26 14:12:54','2022-05-26 14:13:25',NULL),(115,1,NULL,'LEY DEPARTAMENTAL N° 111','ECONOMÍA','LEY DE MODIFICACIÓN A LA LEY DEPARTAMENTAL N° 107 DE 29 DE MARZO DE 2022 DE APROBACIÓN DEL ENDEUDAMIENTO Y LA GESTIÓN DEL CRÉDITO ANTE EL FONDO NACIONAL DE DESARROLLO REGIONAL (FNDR) DEL \"FIDEICOMISO DE APOYO A LA REACTIVACIÓN DE LA INVERSIÓN PÚBLICA\"','2022-06-30','2022-06-23','[{\"download_link\":\"publications\\/June2022\\/GAxHJB5OKoH2V2JUpkHh.pdf\",\"original_name\":\"LEY N 111 FIDEICOMISO DE APOYO A LA REACTIVACION DE LA INVERSION PUBLICA.pdf\"}]',0,0,'2022-06-30 10:14:34','2022-06-30 10:14:34',NULL),(116,2,NULL,'DECRETO DEPARTAMENTAL N° 013/2022','TERRITORIO','MODIFICACIÓN DEL DECRETO DEPARTAMENTAL N° 09/2021, DE LA DIRECCIÓN DE ORDENAMIENTO TERRITORIAL Y LÍMITES.','2022-06-29','2022-06-07','[{\"download_link\":\"publications\\/July2022\\/7GGEWwFlP6184gZ6Y3Mf.pdf\",\"original_name\":\"13-08-06-2022 CREACI\\u00d3N UNIDAD DE LIMITES propuesta final.pdf\"}]',0,0,'2022-07-08 12:05:11','2022-10-14 13:02:07',NULL),(117,2,NULL,'DECRETO DEPARTAMENTAL N° 02/2022','EMERGENCIAS','RETORNO A LA NORMALIDAD DE LA SITUACIÓN DE DESASTRE Y/O EMERGENCIA DE INCENDIOS','2022-01-12','2022-01-10','[{\"download_link\":\"publications\\/July2022\\/cib5mhTDdq4taDdcRdVW.pdf\",\"original_name\":\"02-10-01-2022 RETORNO A LA NORMALIDAD POR LA EMERGENCIA DPTAL DE INCENDIOS (2).pdf\"}]',0,0,'2022-07-19 10:13:54','2022-10-14 13:02:34',NULL),(118,2,NULL,'DECRETO DEPARTAMENTAL N° 03/2022','EMERGENCIAS','EMERGENCIA DEPARTAMENTAL COVID 19','2022-01-15','2022-01-13','[{\"download_link\":\"publications\\/July2022\\/5HbfngHNOx1EQJy8zdfZ.pdf\",\"original_name\":\"03-14-01-2022 EMERGENCIA POR COVID-19.pdf\"}]',0,0,'2022-07-19 10:15:44','2022-10-14 12:58:52',NULL),(119,2,NULL,'DECRETO DEPARTAMENTAL N° 04/2022','PEAJE','TARIFA DE COBRO DE RODAJE, PEAJE, CONTROL DE PESO, CARGAS Y DIMENSIONES','2022-02-18','2022-02-16','[{\"download_link\":\"publications\\/July2022\\/rEFfZ5TMvU77cyXm2g2g.pdf\",\"original_name\":\"04- 16-02-2022 PEAJE Y TRANCAS FINAL.pdf\"}]',0,0,'2022-07-19 10:18:37','2022-10-14 13:00:03',NULL),(120,2,NULL,'DECRETO DEPARTAMENTAL N° 05/2022','ESTRUCTURA','APROBACIÓN DE LA ESTRUCTURA DEL SEDEGES','2022-02-24','2022-02-22','[{\"download_link\":\"publications\\/July2022\\/OdOKWLU0JcpLHLj5BAVz.pdf\",\"original_name\":\"05-22-02-2022 APROBACION ESTRUCTURA SEDEGES.pdf\"}]',0,0,'2022-07-19 10:20:43','2022-10-14 13:00:24',NULL),(121,2,NULL,'DECRETO DEPARTAMENTAL N° 07/2022','AUSTERIDAD','MEDIDAS DE AUSTERIDAD ECONÓMICA','2022-04-01','2022-03-30','[{\"download_link\":\"publications\\/July2022\\/ogXVSEm9LMe1qvT33VAv.pdf\",\"original_name\":\"07-31-03-2022 AUSTERIDAD FUNCIONAMIENTO.pdf\"}]',0,0,'2022-07-19 10:32:50','2022-10-14 13:00:42',NULL),(122,2,NULL,'DECRETO DEPARTAMENTAL N° 09/2022','EMERGENCIAS','PLAN DE EMERGENCIA DEPARTAMENTAL','2022-05-18','2022-05-16','[{\"download_link\":\"publications\\/July2022\\/BSg9nbUSUEOzonbA8EGw.pdf\",\"original_name\":\"09-16-05-2022 APROBACI\\u00d3N PLAN DE EMERGENCIA.pdf\"}]',0,0,'2022-07-19 10:34:48','2022-10-14 13:01:01',NULL),(123,2,NULL,'DECRETO DEPARTAMENTAL N° 010/2022','ESTRUCTURA','ESTRUCTURA INTERNA DEL SEDEGES','2022-05-19','2022-05-17','[{\"download_link\":\"publications\\/July2022\\/unv64b3pDdeYVuLH7SLm.pdf\",\"original_name\":\"10-17-05-2022 APROBACION ESTRUCTURA SEDEGES ultima.pdf\"}]',0,0,'2022-07-19 10:36:13','2022-10-14 13:01:21',NULL),(124,2,NULL,'DECRETO DEPARTAMENTAL N° 011/2022','MODIFICACION','MODIFICACIÓN DEL DECRETO DEPARTAMENTAL N° 09/2021, DE 27 DE JULIO DE 2021, DISPONE INSTANCIA TÉCNICA - ADMINISTRATIVA, DESTINADA A PROMOCIONAR LA INVERSIÓN PRIVADA A TRAVÉS DE LAS APPD\'s.','2022-05-23','2022-05-19','[{\"download_link\":\"publications\\/July2022\\/C77k46phJmXPXZ21VIbd.pdf\",\"original_name\":\"11-19-05-2022 CREACION INSTANCIA APP.pdf\"}]',0,0,'2022-07-19 10:41:15','2022-10-14 12:59:42',NULL),(125,1,NULL,'LEY DEPARTAMENTAL N° 112','PATRIMONIO','LEY DEPARTAMENTAL DE DECLARATORIA DE PATRIMONIO NATURAL DEL DEPARTAMENTO DEL BENI A LA PARABA BARBA AZUL (Ara glaucogularis)','2022-08-10','2022-08-09','[{\"download_link\":\"publications\\/August2022\\/DuXppq665ZXx8X9krJhp.pdf\",\"original_name\":\"LEY N\\u00b0112  09-08-2022 LEY DPTAL. DE CONSERVACION DE LA PARABA BARBA AZUL FORMATO.pdf\"}]',0,0,'2022-08-10 15:39:58','2022-08-10 15:39:58',NULL),(126,1,NULL,'LEY DEPARTAMENAL N°113','CONMEMORACION','LEY QUE DECLARA EL 14 DE JUNIO COMO DIA DEPARTAMENTAL DE HOMENAJE A LOS EXCOMBATIENTES Y BENEMÉRITOS BENIANOS DE LA GUERRA DEL CHACO','2022-08-11','2022-08-10','[{\"download_link\":\"publications\\/August2022\\/ocGfF6dLmslf0qz3fcTG.pdf\",\"original_name\":\"113-09-08-2022 LEY DPTAL. QUE DECLARA EL 14 DE JUNIO COMO DIA DEPARTAMENTAL DE HOMENAJE A LOS EXCOMBATIENTES.pdf\"}]',0,0,'2022-08-12 16:24:39','2022-08-12 16:24:39',NULL),(127,1,NULL,'LEY DEPARTAMENTAL N° 114','TERRITORIO','LEY DE DESARROLLO INTEGRAL DE LAS COMUNIDADES FRONTERIZAS Y ÁREAS DE INFLUENCIA DE LA PROVINCIA ITÉNEZ','2022-08-25','2022-08-23','[{\"download_link\":\"publications\\/August2022\\/57KD3AGXXspfUDhpkSYu.pdf\",\"original_name\":\"LEY 114-PROMULGADA.pdf\"}]',0,0,'2022-08-25 14:46:37','2022-08-25 14:46:37',NULL),(128,4,NULL,'RESOLUCIÓN DE GOBERNACIÓN N° 151/2022','REGLAMENTO','APRUEBA EL REGLAMENTO DE APROVISIONAMIENTO DE SANGRE - HEMOCOMPONENTES Y PRESTACIÓN DE SERVICIOS DEL BANCO DE SANGRE DEL GOBIERNO AUTÓNOMO DEPARTAMENTAL DEL BENI, EN SUS 29 ARTÍCULOS Y SUS ANEXOS.','2022-09-02','2022-08-30','[{\"download_link\":\"publications\\/September2022\\/NOLHKGRShCuCkTJbQ1iV.pdf\",\"original_name\":\"RG N 151 DE GOBERNACI\\u00d3N APROBACI\\u00d3N REGLAMENTO BANCO DE SANGRE.pdf\"}]',0,0,'2022-09-02 15:16:50','2022-09-02 15:24:51',NULL),(129,2,NULL,'DECRETO DEPARTAMENTAL N° 006/2022','MODIFICA','TIENE POR OBJETO REALIZAR MODIFICACIONES DEL DECRETO DEPARTAMENTAL N° 09/2021, DE 27 DE JULIO DE 2021.','2022-03-07','2022-03-04','[{\"download_link\":\"publications\\/September2022\\/hn41M6Haz3g5nXQs0tu5.pdf\",\"original_name\":\"D.D. N\\u00b0 06 04-03-2022 CREACION UNIDAD ARIDOS Y AGREGADOS.pdf\"}]',0,0,'2022-09-30 11:37:49','2022-10-14 12:58:22',NULL),(130,2,NULL,'DECRETO DEPARTAMENTAL N° 008/2022','ACATAR','AUTO DE BUEN GOBIERNO','2022-04-11','2022-04-08','[{\"download_link\":\"publications\\/September2022\\/cZmEASe7OmSZIVprNjqJ.pdf\",\"original_name\":\"D. D. N\\u00b0 08 08-04-2022 AUTO DE BUEN GOBIERNO SEMANA SANTA.pdf\"}]',0,0,'2022-09-30 11:40:28','2022-10-14 12:57:57',NULL),(131,2,NULL,'DECRETO DEPARTAMENTAL N° 12/2022','DEESCONCENTRA','ETABLECE LA CUALIDAD DE SECRETARÍAS DESCONSENTRADAS','2022-05-27','2022-05-26','[{\"download_link\":\"publications\\/September2022\\/Nttzl4Lms03u8m3E29Wf.pdf\",\"original_name\":\"D. D. N\\u00b0 12 26-05-2022- DESCONCENTRACI\\u00d3N SECRETARIAS DEPARTAMENTALES.pdf\"}]',0,0,'2022-09-30 11:43:57','2022-10-14 12:57:42',NULL),(132,2,NULL,'DECRETO DEPARTAMENTAL N° 14/2022','ABROGA','ABROGA EL DECRETO DEPARTAMENTAL N° 12/2022 DE 26 DE MAYO DE 2022','2022-06-10','2022-06-09','[{\"download_link\":\"publications\\/September2022\\/vbdiWTtkbbMhNpp963v8.pdf\",\"original_name\":\"D. D. N\\u00ba 14.pdf\"}]',0,0,'2022-09-30 11:46:09','2022-10-14 12:57:25',NULL),(133,2,NULL,'DECRETO DEPARTAMENTAL N° 15/2022','ALERTA','DECLARAR ALERTA ROJA SANITARIA POR RUBEOLA','2022-08-01','2022-07-29','[{\"download_link\":\"publications\\/September2022\\/jukx8N1D92MbayaYkeQb.pdf\",\"original_name\":\"D.D. N\\u00b0 15.pdf\"}]',0,0,'2022-09-30 11:49:10','2022-10-14 12:57:01',NULL),(134,2,NULL,'DECRETO DEPARTAMENTAL N° 20/2022','FERIADO','CUMPLIMIENTO DE LA LEY N° 012/2011 DE FECHA 04 DE OCTUBRE DE 2011, DECRETAR FERIADO DEPARTAMENTAL EL VIERNES 07 DE OCTUBRE DE 2022.','2022-10-06','2022-10-05','[{\"download_link\":\"publications\\/October2022\\/sABYy37dKEVnZFQyx3Yd.pdf\",\"original_name\":\"20-03-10-22 LAGRIMAS MAMITA DE LORETO.pdf\"}]',0,0,'2022-10-06 11:34:23','2022-10-14 12:56:44',NULL),(135,2,NULL,'DECRETO DEPARTAMENTAL N°016/2022','CONVENIOS','SE AUTORIZA A LAS SUBGOBERNACIONES Y CORREGIMIENTOS DEL DEPARTAMENTO DEL BENI, PROMOVER LA SUSCRIPCIÓN DE CONVENIOS INTERGUBERNATIVOS EN EL ÁMBITO DE SU JURISDICCIÓN.','2022-08-05','2022-08-04','[{\"download_link\":\"publications\\/October2022\\/cBWtJb0CSeyhdIsq6lBk.pdf\",\"original_name\":\"DECRETO DPTAL. N\\u00b016 04-08-2022 AMPLIACI\\u00d3N ATRIBUCIONES SUB GOBERNACIONES.pdf\"}]',0,0,'2022-10-13 15:41:46','2022-10-14 12:56:25',NULL),(136,2,NULL,'DECRETO DEPARTAMENTAL N° 18/2022','APROBAR','APRUEBA EL PLAN OPERATIVO ANUAL (POA) PARA LA GESTIÓN 2023','2022-09-12','2022-09-09','[{\"download_link\":\"publications\\/October2022\\/XD5Wj2KwgAHLEnVvsMXJ.pdf\",\"original_name\":\"DECRETO DPTAL. N\\u00b018 09-09-22 APROBACION POA 2023 GOBERNACION.pdf\"}]',0,0,'2022-10-13 15:51:13','2022-10-14 12:56:07',NULL),(137,2,NULL,'DECRETO DEPARTAMENTAL N° 19/2022','REGLAMENTO','REGLAMENTO A LA LEY DEPARTAMENTAL N° 108 DE ALIANZAS PÚBLICO PRIVADAS EN EL DEPARTAMENTO DEL BENI','2022-09-28','2022-09-27','[{\"download_link\":\"publications\\/October2022\\/6wH4dVeZYvnBfktAuG7f.pdf\",\"original_name\":\"DECRETO DPTAL. N\\u00b019 26-09-22 APROBACION REGLAMENTO APP.pdf\"}]',0,0,'2022-10-13 15:55:02','2022-10-14 12:55:42',NULL),(138,1,NULL,'LEY DEPARTAMENTAL N° 115/2022','POA','LEY DEL PRESUPUESTO PLURIANUAL AJUSTADO, PLAN OPERATIVO ANUAL (POA) Y  PRESUPUESTO INSTITUCIONAL DEL GOBIERNO AUTÓNOMO DEPARTAMENTAL DEL BENI, GESTIÓN 2023','2022-10-20','2022-10-20','[{\"download_link\":\"publications\\/October2022\\/iFftQzq6Uvhgvuk0BRLU.pdf\",\"original_name\":\"LEY DPTAL. N\\u00b0115 20-10-2022 LEY DEL PRESUPUESTO PLURIANUAL AJUSTADO, PLAN OPERATIVO ANUAL (POA) Y PRESUPUESTO INSTITUCIONAL.pdf\"}]',0,0,'2022-10-20 16:40:09','2022-10-20 16:40:09',NULL),(139,2,NULL,'DECRETO DEPARTAMENTAL N° 30/2020','CREACIÓN','CREACIÓN DE LA SECRETARIA DEPARTAMENTAL DE MINERIA, ENERGIA E HIDROCARBUROS DENTRO DE LA ESTRUCTURA DEL GOBIERNO AUTÓNOMO DEPARTAMENTAL DEL BENI','2020-10-29','2020-10-29','[{\"download_link\":\"publications\\/October2022\\/Jv17KYQgVtzqg0Qa3ATd.pdf\",\"original_name\":\"DECRETO DEPARTAMENTAL N\\u00ba 30.pdf\"}]',0,0,'2022-10-27 14:43:19','2022-10-27 14:43:19',NULL),(140,1,NULL,'LEY DEPARTAMENTAL N° 47','REGALIAS','LEY DEL SISTEMA DE ADMINISTRACIÓN DE REGALIAS MINERAS','2014-12-22','2014-12-22','[{\"download_link\":\"publications\\/October2022\\/uFHmIK9AW8HIPRDI5wgb.pdf\",\"original_name\":\"LEY DPTAL. N\\u00b0 47 DE 22-122014 LEY DEL SISTEMA DE ADMINISTRACION DE REGALIAS MINERAS.pdf\"}]',0,0,'2022-10-27 14:50:30','2022-10-27 14:50:30',NULL),(141,1,NULL,'LEY DEPARTAMENTAL N° 104','PRESUPUESTO','LEY DEL PRESUPUESTO PRURIANUAL AJUSTADO (PPA), PLAN OPERATIVO ANUAL (POA) Y PRESUPUESTO INSTITUCIONAL DEL GOBIERNO AUTÓNOMO DEPARTAMENTAL DEL BENI - GESTIÓN 2022','2021-09-17','2021-09-17','[{\"download_link\":\"publications\\/October2022\\/w1YZVW73WFmg1ejcX7Y3.pdf\",\"original_name\":\"Ley  Dptal. N\\u00b0 104 Presupuesto 2022 GAD Beni final OK.pdf\"}]',0,0,'2022-10-27 15:52:58','2022-10-27 15:52:58',NULL),(142,2,NULL,'DECRETO DEPARTAMENTAL N° 25/2022','FERIADO','FERIADO PEDRO IGNACIO MUIBA, EN RECONOCIMIENTO A LA GRAN GESTA LIBERTARIA DE MOJOS 1810.','2022-11-08','2022-11-07','[{\"download_link\":\"publications\\/November2022\\/bCfRYKYmAO2ib8HBZufX.pdf\",\"original_name\":\"25-07-11-22 PEDRO IGNACIO MUIBA.pdf\"}]',0,0,'2022-11-08 14:38:33','2022-11-08 14:38:33',NULL),(143,2,NULL,'DECRETO DEPARTAMENTAL N° 26/2022','ACATAR','18 DE NOVIEMBRE SE CONSTITUYE EN FERIADO DEPARTAMENTAL, SE DISPONE EL EMBANDERAMIENTO GENERAL CON LA BANDERA BENIANA Y LA BANDERA DEL PATUJÚ EN TODAS LAS OFICINAS PÚBLICAS Y PRIVADAS Y LOS DOMICILIOS HASTA EL 30 DE NOVIEMBRE DE 2022.','2022-11-15','2022-11-14','[{\"download_link\":\"publications\\/November2022\\/zGInXEgxeYVUkmLwoxga.pdf\",\"original_name\":\"26-14-11-22 FERIADO 18 DE NOVIEMBRE.pdf\"}]',1,0,'2022-11-15 11:22:43','2022-11-15 11:22:43',NULL),(144,2,NULL,'DECRETO DEPARTAMETAL N° 23/2022',NULL,'DECRETO QUE REGLAMENTA LA LEY N° 75/2017 LEY DE LA JUVENTUD','2022-11-16','2022-10-30','[{\"download_link\":\"publications\\/November2022\\/aw3ofXD8GqkgoVeRwfry.pdf\",\"original_name\":\"23-31-10-22 REGLAMENTO LEY DPTAL. JUVENTUDES N\\u00b0 75.pdf\"}]',0,0,'2022-11-16 16:30:09','2022-11-21 09:30:34',NULL),(145,4,NULL,'RESOLUCION DE GOBERNACION N°28/2021','ENBANDERAMIENTO FIESTAS PATRIAS','EMBANDERAMIENTO  GENERAL  CON LA IZA DE BANDERAS MES DE AGOSTO','2022-11-24','2021-08-02','[{\"download_link\":\"publications\\/November2022\\/6iikxfLN0LMNV2SYSAkJ.pdf\",\"original_name\":\"RESOLUCI\\u00d3N DE GOBERNACI\\u00d3N N\\u00ba 028.pdf\"}]',0,0,'2022-11-24 13:48:28','2022-11-24 14:23:10',NULL),(146,4,NULL,'RESOLUCION DE GOBERNACION N° 021/2021','PERSONALIDAD  JURIDICA','PERSONALIDAD JURIDICA DE LA COMMUNIDAD AGRARIA \r\n\"VILLA ESPERANZA\" MUNICIPIO DE SAN BORJA','2022-11-24','2021-07-08','[{\"download_link\":\"publications\\/November2022\\/oAuS02T2YsskO2L4sBAY.pdf\",\"original_name\":\"RES DE GOB  021.pdf\"}]',0,0,'2022-11-24 14:19:17','2022-11-24 14:22:48',NULL),(147,2,NULL,'DECRETO DEPARTAMENTAL N° 27/2022','DUELO','DECLARA DUELO DEPARTAMENTAL POR TRES (03) DÍAS EN MEMORIA Y AGRADECIMIENTO DEL PROF. LUIS RIVERO PARADA','2022-12-12','2022-12-09','[{\"download_link\":\"publications\\/December2022\\/OSRNY0bcQCOkZZjGSXQk.pdf\",\"original_name\":\"D.D. N\\u00b0 27 DEL 27-11-11 DUELO POR FALLECIMIENTO.pdf\"}]',0,0,'2022-12-12 10:46:15','2022-12-12 10:46:15',NULL),(148,2,NULL,'DECRETO DEPARTAMENTAL N°28/2022','PARTICIPACION DEL EQUIPO LIBERTAD GRAN MAMORE','DECLARAR DE PRIORIDAD E INTERES  DEPARTAMENTAL LA PARTICIPACION DEL EQUIPO \"FUTBOL CLUB LIBERTAD GRAN MAMORE\"','2022-12-27','2022-12-21','[{\"download_link\":\"publications\\/December2022\\/fIR7WxkM0PQC7jmcfv5B.pdf\",\"original_name\":\"28-20-12-22 DECLARA PRIORIDAD EL ESTADIO MAMORE.pdf\"}]',0,0,'2022-12-27 12:23:53','2022-12-27 12:23:53',NULL),(149,1,NULL,'LEY DEPARTAMENTAL N° 116','TRAMO','LEY DE DECLARATORIA COMO RUTA ESTRATÉGICA DE LA RED DEPARTAMENTAL, EL TRAMO CARRETERO EMPALME RVF N° 9 - SANTA ISABEL - EXALTACIÓN - SANTA ANA - EL PERÚ RÍO APERE - SAN IGNACIO DE MOJOS\"','2022-12-23','2022-12-21','[{\"download_link\":\"publications\\/December2022\\/pNPqzE6koBBo4q9ZsKGY.pdf\",\"original_name\":\"116-16-08-2022 LEY DPTAL. DE N\\u00b0 08-2022 23 DECLARATORIA COMO RUTA ESTRATEGICA DE LA RED DPTAL. EL TRAMO CARRETERO EMPALME RVF N\\u00b0 9.pdf\"}]',0,0,'2022-12-28 11:15:58','2022-12-28 11:15:58',NULL),(150,1,NULL,'LEY DEPARTAMENTAL N° 117','TRAMO','LEY QUE INCORPORA A LA RED VIAL DEPARTAMENTAL DEL BENI LA RUTA GUAYARAMERIN - VILLA BELLA - CACHUELA ESPERANZA - COMUNIDAD SIMÓN BOLIVAR','2022-12-23','2022-12-21','[{\"download_link\":\"publications\\/December2022\\/mtRKbSew5AVL6DPHXjl4.pdf\",\"original_name\":\"117-16-08-2022 LEY DPTAL. DE N\\u00b0 06-2022 23 INCORPORA A LA RED VIAL DPTAL DEL BENI LA RUTA GUAYARAMERIN - VILLA BELLA - CACHUELA ESPERANZA.pdf\"}]',0,0,'2022-12-28 11:19:20','2022-12-28 11:23:17',NULL),(151,3,NULL,'DECRETO DE GOBERNACIÓN N° 01/2023','DESIGNAR','DESIGNAR DE MANERA INTERINA AL CIUDADANO JORGE ALBERTO SUÁREZ ZAMBRANO COMO SECRETARIO DEPARTAMENTAL DE JUSTICIA','2023-01-11','2023-01-10','[{\"download_link\":\"publications\\/January2023\\/zgf678ttOmHiJlTMY0FM.pdf\",\"original_name\":\"DG N 01 2023 DESIGNACION SEC JUSTICIA A.I. DR. SUAREZ.pdf\"}]',0,0,'2023-01-17 15:38:33','2023-01-17 15:38:33',NULL),(152,3,NULL,'DECRETO DE GOBERNACIÓN N° 02/2023','DESIGNAR','RATIFICACIÓN Y DESIGNACIÓN DE SECRETARIOS DEPARTAMENTALES','2023-01-16','2023-01-16','[{\"download_link\":\"publications\\/January2023\\/WdfRTgMBp12IbURkKCKv.pdf\",\"original_name\":\"DG N 02 2023 DESIGNACION DE SECRETARIOS DPTALES.pdf\"}]',0,0,'2023-01-17 15:43:00','2023-01-17 15:43:00',NULL),(153,2,NULL,'DECRETO DEPARTAMENTAL N° 01/2023',NULL,'DECLARA EMERGENCIA SANITARIA DEPARTAMENTAL EN TODO EL TERRITORIO DEL DEPARTAMENTO DEL BENI POR LA PROLIFERACIÓN DEL MOSQUITO TRANSMISOR DEL DENGUE','2023-01-13','2023-01-12','[{\"download_link\":\"publications\\/January2023\\/yvju2TgAJ7DkVqN25w0i.pdf\",\"original_name\":\"D.D. N\\u00b0 01 DEL 12-01-23 DECLARATORIA DE EMERGENCIA POR DENGUE final.pdf\"}]',0,0,'2023-01-26 12:37:01','2023-01-26 12:37:01',NULL),(154,4,NULL,'RESOLUCIÓN DE GOBERNACIÓN N° 12/2023','DESIGNAR','DESIGNAR A MARTHA MEJÍA FAYER DE ROSAS, DIRECTORA DEL SERVICIO DEPARTAMENTAL DE GESTIÓN SOCIAL - SEDEGES','2023-01-17','2023-01-16','[{\"download_link\":\"publications\\/January2023\\/4g3HHCp44XQ6P7YyDVc0.pdf\",\"original_name\":\"RG N\\u00b0 12 DEL 16-01-2023 DESIGNACION DIRECTORA SEDEGES.pdf\"}]',0,0,'2023-01-27 15:16:40','2023-01-27 15:35:17',NULL),(155,4,NULL,'RESOLUCIÓN DE GOBERNACIÓN N° 13/2023','DESIGNAR','RATIFICACIÓN A ORLANDO SUELDO SUÁREZ, DIRECTOR DEL SERVICIO DEPARTAMENTAL DEPORTES - SEDEDE BENI','2023-01-20','2023-01-18','[{\"download_link\":\"publications\\/January2023\\/zbwdYo3Ljm7ynqbshhar.pdf\",\"original_name\":\"RG N\\u00b0 13 DEL 16-01-2023 DESIGNACION DIRECTORA SEDE - CHOCO SUELDO.pdf\"}]',0,0,'2023-01-27 15:19:59','2023-01-27 15:35:35',NULL),(156,4,NULL,'RESOLUCIÓN DE GOBERNACIÓN N° 14/2023','DESIGNAR','RATIFICACIÓN WILSON ÁVILA TABORGA, DIRECTOR DE LA DIRECCIÓN DE GESTIÓN DE RIESGOS - COE','2023-01-20','2023-01-18','[{\"download_link\":\"publications\\/January2023\\/Doa0dMhHYPqV55OC7xxO.pdf\",\"original_name\":\"RG N\\u00b0 14 DEL 16-01-2023 DESIGNACION DIRECTORA COE TITA AVILA.pdf\"}]',0,0,'2023-01-27 15:22:55','2023-01-27 15:22:55',NULL),(157,4,NULL,'RESOLUCIÓN DE GOBERNACIÓN N° 15/2023','DESIGNAR','RATIFICACIÓN RUBEN PIERRE TORREZ YEPEZ, DIRECTOR DEL HOSPITAL \"Pdte. GERMAN BUSCH\"','2023-01-20','2023-01-18','[{\"download_link\":\"publications\\/January2023\\/gayV6AXLcyKPT7U97Fza.pdf\",\"original_name\":\"RG N\\u00b0 15 DEL16-01-2023 DESIGNACION DIRECTOR trnidad.pdf\"}]',0,0,'2023-01-27 15:25:41','2023-01-27 15:25:41',NULL),(158,4,NULL,'RESOLUCIDE GOBERNACIÓN N° 16/2023','DESIGNAR','RATIFICACIÓN LUIS ALBERTO SUÁREZ VELARDE, DIRETOR DEL SERVICIO DEPARTAMENTAL DE SLUD - SEDES BENI','2023-01-20','2023-01-18','[{\"download_link\":\"publications\\/January2023\\/lye6Bpl6WfhxMv13yoKn.pdf\",\"original_name\":\"RG N\\u00b0 16 DEL 16-01-2023 DESIGNACION DIRECTOR SEDES.pdf\"}]',0,0,'2023-01-27 15:28:54','2023-01-27 15:28:54',NULL),(159,2,NULL,'DECRETO DEPARTAMENTAL N° 02/2023','ALERTA','ALERTA ROJA DEPARTAMENTAL POR INUNDACIONES','2023-02-13','2023-02-07','[{\"download_link\":\"publications\\/February2023\\/8saciiaWZOdHWvsfdSHv.pdf\",\"original_name\":\"DD N\\u00b0 02 DEL 07-02-23 ALERTA ROJA INUNDACIONES.pdf\"}]',0,0,'2023-02-13 11:07:58','2023-02-13 11:07:58',NULL),(160,2,NULL,'DECRETO DEPARTAMENTAL N° 03/2023','ALERTA','DECLARATORIA DE ALERTA ROJA SANITARIA POR TOSFERINA (COQUELUCHE)','2023-02-27','2023-02-12','[{\"download_link\":\"publications\\/February2023\\/CEeQs3TSkHnABP3zOsls.pdf\",\"original_name\":\"D.D. N\\u00b0 03 2023 ALERTA ROJA SANITARIA POR TOSFERINA (COQUELUCHE).pdf\"}]',0,0,'2023-02-27 13:12:26','2023-02-27 13:12:26',NULL),(161,3,NULL,'DECRETO DE GOBERNACIÓN N° 03/2023','DESIGNAR','DESIGNAR A SONIA GABRIELA RICO VALVERDE EN EL CARGO DE SECRETARIA DEPARTAMENTAL DE DESARROLLO HUMANO','2023-02-27','2023-02-14','[{\"download_link\":\"publications\\/February2023\\/hE25uWs6oKNgjLhj5EhT.pdf\",\"original_name\":\"D.G. N\\u00b0 03-2023 SONIA GABRIELA RICO VALVERDE.pdf\"}]',0,0,'2023-02-27 13:37:08','2023-02-27 13:37:08',NULL),(162,3,NULL,'DECRETO DE GOBERNACIÓN N° 04/2023','DESINACIÓN','DESIGNACIÓN DE FREDDY MACHADO FLORES COMO SECRETARIO DEPARTAMENTAL DE ADMINISTRACIÓN Y FINANZAS DEL GAD.BENI','2023-03-02','2023-02-28','[{\"download_link\":\"publications\\/March2023\\/OGbYPT2aSJG5QOqmxSdi.pdf\",\"original_name\":\"DG N 04 28-02-2023 DESIGNACION DEL SECRETARIO DEPARTAMENTAL DE ADMINISTRACION Y FINANZAS.pdf\"}]',0,0,'2023-03-02 14:50:00','2023-03-02 14:50:00',NULL),(163,1,NULL,'LEY DEPARTAMENTAL N° 102','PRESUPUESTO','LEY DEL PRESUPUESTO PRURIANUAL AJUSTADO, PLAN OPERATIVO ANUAL (POA) Y PRESUPUESTO INSTITUCIONAL DEL GOBIERNO AUTÓNOMO DEPARTAMENTAL DE BENI GESTIPON 2021','2020-09-28','2020-09-28','[{\"download_link\":\"publications\\/March2023\\/8VVkY2XK9cbaO94efgVm.pdf\",\"original_name\":\"LEY N\\u00b0 102.pdf\"}]',0,0,'2023-03-03 10:54:39','2023-03-03 10:54:39',NULL),(164,1,NULL,'LEY DEPARTAMENTAL N° 101','DESASTRE','LEY DEPARTAMENTAL QUE ELEVA A RANGO DE LEY EL DECRETO DEPARTAMENTAL N° 16/2020 DE DECLARATORIA DE DESASTRE SANITARIO DEPARTAMENTAL','2020-05-25','2020-05-25','[{\"download_link\":\"publications\\/March2023\\/08OiklUIiQD7PMLe6YLQ.pdf\",\"original_name\":\"LEY N\\u00b0 101.pdf\"}]',0,0,'2023-03-03 10:58:01','2023-03-03 10:58:01',NULL),(165,1,NULL,'LEY DEPARTAMENTAL N° 100','FORTALECIMIENTO','LY DEPARTAMENTAL DE FORTALECIMIENTO DE MEDIDAS CONTRA EL CONTAGIO Y PROPAGACIÓN DEL CORONAVIRUS EN EL DEPARTAMENTO DEL BENI','2020-05-16','2020-05-16','[{\"download_link\":\"publications\\/March2023\\/AqOr1eh8qgnilzcccYQG.pdf\",\"original_name\":\"LEY N\\u00b0 100.pdf\"}]',0,0,'2023-03-03 11:00:18','2023-03-03 11:00:18',NULL),(166,1,NULL,'LEY DEPARTAMENTAL N° 99','ESTRUCTURA','LEY DE LA ORGANIZACIÓN BÁSICA DEL ÓRGANO EJECUTIVO DEL GOBIERNO AUTÓNOMO DEPARTAMENTAL DEL BENI','2020-05-08','2020-05-08','[{\"download_link\":\"publications\\/March2023\\/zqKOKhfEw6kcfnuQfyyi.pdf\",\"original_name\":\"LEY N\\u00b0 99.pdf\"}]',0,0,'2023-03-03 11:38:37','2023-03-03 11:38:37',NULL),(167,1,NULL,'LEY DEPARTAMENTAL N° 85','HERMANDAD','LEY DE RATIFICACIÓN DE LA DECLARACIÓN DE HERMANDAD ENTRE EL GOBIERNO AUTONOMO DEPARTAMENTAL DEL BENI - BOLIVIA Y EL GOBIERNO DEL ESTADO DE RONDONIA - BRASIL','2018-11-14','2018-11-14','[{\"download_link\":\"publications\\/March2023\\/FfVOnaspFHcLz8m5eV10.pdf\",\"original_name\":\"LEY N\\u00b0 85.pdf\"}]',0,0,'2023-03-03 11:42:06','2023-03-03 11:42:06',NULL),(168,2,NULL,'DECRETO DEPARTAMENTAL N° 29/2022','APROBAR','APROBAR EL PLAN DE CONTINGENCIA DEPARTAMENTAL ANTE INUNDACIONES EN EL BENI GESTION 2023','2022-12-28','2022-12-28','[{\"download_link\":\"publications\\/March2023\\/G9X7XK8OLjTOqfHYs8t1.pdf\",\"original_name\":\"D.D N\\u00b0 29 2022.pdf\"}]',0,0,'2023-03-03 11:48:02','2023-03-03 11:48:02',NULL),(169,1,NULL,'LEY DEPARTAMENTAL N° 83','PRESUPUESTO','LEY DEL PRESUPUESTO PLURIANUAL, PLAN OPERATIVO ANUAL (POA) Y PRESUPUESTO INSTITUCIONAL DEL GOBIERNO AUTÓNOMO DEPARTAMENTAL DEL BENI GESTIÓN 2019','2018-09-07','2018-09-07','[{\"download_link\":\"publications\\/March2023\\/7Z8Ax5SNoAhqDIx31Gle.pdf\",\"original_name\":\"LEY D. N 83.pdf\"}]',0,0,'2023-03-03 15:38:54','2023-03-03 15:38:54',NULL),(170,1,NULL,'LEY DEPARTAMENTAL N° 118','DEPORTE','\"LEY DEPARTAMENTAL DEL DEPORTE\"','2023-03-03','2023-03-03','[{\"download_link\":\"publications\\/March2023\\/zVJzcPcD2eTvM5MRpgj2.pdf\",\"original_name\":\"LEY N\\u00b0 118.pdf\"}]',0,0,'2023-03-03 16:02:33','2023-03-03 16:02:33',NULL),(171,1,NULL,'LEY DEPARTAMENTAL N° 119','CARRETERA','LEY QUE INCORPORA A LA RED VIAL DEPARTAMENTAL DE CARRETERAS DEL BENI, EL TRAMO SAN BORJA - SANTA ELENA DEL CARIPO (PUEBLO NUEVO) - SANTA ROSA DEL YACUMA','2023-03-03','2023-03-03','[{\"download_link\":\"publications\\/March2023\\/sLWWP3nWEhTP9HzQPRR4.pdf\",\"original_name\":\"LEY DPTAL N 119.pdf\"}]',0,0,'2023-03-03 16:24:11','2023-03-03 16:24:11',NULL),(172,1,NULL,'LEY DEPARTAMENTAL N° 77','DESARROLLO','LEY DE APROBACIÓN DEL PLAN TERRITORIAL DE DESARROLLO INTEGRAL (PTDI) 2016-2020 DEL GOBIERNO AUTONOMO DEPARTAMENTAL DEL BENI','2017-12-23','2017-12-23','[{\"download_link\":\"publications\\/March2023\\/3ru8bYbEMtYq8ts52xV7.pdf\",\"original_name\":\"12-23-2017 LD 77 LEY DE APROBACION DEL PLAN TERRITORIAL DE DESARROLLO INTEGRAL (PDTI) 2016-2020 DEL GOBIERNO AUTONOMO DPTAL DEL BENI.pdf\"}]',0,0,'2023-03-09 13:55:38','2023-03-09 13:55:38',NULL),(173,1,NULL,'LEY DEPARTAMENTAL N° 76','FINANCIAMIENTO','LEY PARA LA GESTIÓN DE FINANCIAMIENTO PARA LA EJECUCIÓN DE OBLIGACIONES PENDIENTES DE PROYECTOS DEL GOBIERNO AUTONOMO DEPARTAMENTAL DEL BENI','2017-11-16','2017-11-16','[{\"download_link\":\"publications\\/March2023\\/SrVq0fX0QhOqYDvClpTI.pdf\",\"original_name\":\"LEY DPTAL. N\\u00b0 76 DEL 11-16-2017 LEY PARA LA GESTI\\u00d3N DE FINANCIAMIENTO PARA LA EJECUCI\\u00d3N DE.pdf\"}]',0,0,'2023-03-09 14:01:59','2023-03-09 14:01:59',NULL),(174,1,NULL,'LEY DEPARTAMENTAL N° 75','JUVENTUD','LEY DEPARTAMENTAL DE LA JUVENTUD','2017-11-06','2017-11-06','[{\"download_link\":\"publications\\/March2023\\/scjvZFiUkVjgPMKYzAwp.pdf\",\"original_name\":\"LEY DPTAL N\\u00b0 75 11-06-2017 LEY DEPARTAMENTAL DE LA JUVENTUD.pdf\"}]',0,0,'2023-03-09 14:19:09','2023-03-09 14:19:09',NULL),(175,1,NULL,'LEY DEPARTAMENTAL N° 74','POA','LEY DEL PLAN OPERATIVO ANUAL (POA) Y PRESUPUESTO INSTITUCIONAL DEL GOBIERNO AUTÓNOMO DEPARTAMENTAL DEL BENI GESTIÓN 2018','2017-09-08','2017-09-08','[{\"download_link\":\"publications\\/March2023\\/RhcQWf6ZT1BMgCuaMsFN.pdf\",\"original_name\":\"LEY DPTAL. 74 DEL 09-08-2017 LD 74 LEY DEL PLAN OPERATIVO ANUAL (POA) Y PRESUPUESTO INSTITUCIONAL.pdf\"}]',0,0,'2023-03-09 14:40:40','2023-03-09 14:40:40',NULL),(176,1,NULL,'LEY DEPARTAMENTAL N° 73','PATRIMONIO','LEY DE DECLARATORIA DE PATRIMONIO DEPARTAMENTAL AL ESTADIO DE FÚTBOL DE LA CIUDAD DE TRINIDAD','2017-05-02','2017-05-02','[{\"download_link\":\"publications\\/March2023\\/C3ADHrj6Xv3OK1lGgAaV.pdf\",\"original_name\":\"LEY DPTAL. 73 DEL 05-02-2017 DECLARATORIA DE PATRIMONIO DEPARTAMENTAL AL ESTADIO.pdf\"}]',0,0,'2023-03-10 15:53:39','2023-03-10 15:53:39',NULL),(177,1,NULL,'LEY DEPARTAMENTAL N° 72','RELACIONES','LEY DE DESARROLLO DE RELACIONAMIENTO INTERNACIONAL DEL GOBIERNO AUTÓNOMO DEPARTAMENTAL DEL BENI','2017-03-06','2017-03-06','[{\"download_link\":\"publications\\/March2023\\/EQAvxk15qSYwXrKttaRb.pdf\",\"original_name\":\"LEY DPTAL. N\\u00b0 72 DEL 03-06-2017 GESTION DE RIESGO.pdf\"}]',0,0,'2023-03-10 15:58:15','2023-03-10 15:58:15',NULL),(178,1,NULL,'LEY DEPARTAMENTAL N° 71','CREACIÓN','LEY DE CREACIÓN DE LA GACETA OFICIAL DEL GOBIERNO AUTONOMO DEPARTAMENTAL DEL BENI','2016-12-27','2016-12-27','[{\"download_link\":\"publications\\/March2023\\/f1WrYwUKC024ZchlX9M1.pdf\",\"original_name\":\"LEY DPTAL. N\\u00b0 71 DEL 12-27-2016 GACETA OFICIAL .pdf\"}]',0,0,'2023-03-10 16:07:16','2023-03-10 16:07:16',NULL),(179,4,NULL,'RESOLUCIÓN DE GOBERNACIÓN N° 09/2023','DESINACIÓN','DESIGANA AUTORIDAD SUMARIANTE TITULAR A JORGE ALBERTO SUÁREZ ZAMBRANO Y SUPLENTE A MARISOL FERNÁNDEZ ARZA','2023-01-13','2023-01-13','[{\"download_link\":\"publications\\/March2023\\/0OshoPipgtmTUsveBSEO.pdf\",\"original_name\":\"RG 09 DEL 10-01-2023 DESIGNACION DE JUEZ SUMARIANTE ORIGINAL.pdf\"}]',0,0,'2023-03-15 10:09:36','2023-03-15 10:09:36',NULL),(180,4,NULL,'RESOLUCIÓN DE GOBERNACIÓN N° 20/2023','DIPLOMA','DIPLOMA DE RECONOCIMIENTO A CARLOS MONTERO RIBERA','2023-02-01','2023-02-04','[{\"download_link\":\"publications\\/March2023\\/5W2XroSu4ngrUTWnIUrX.pdf\",\"original_name\":\"RG 20-03-02-2023 RECONOCIMIENTO  CARLOS MONTERO RIBERO.pdf\"}]',0,0,'2023-03-15 10:42:11','2023-03-15 10:42:11',NULL),(181,4,NULL,'RESOLUCIÓN DE GOBERNACIÓN N° 21/2023','DIPLOMA','DIPLOMA DE RECONOCIMIENTO A JOSÉ LUIS RODRÍGUEZ ESPINOZA','2023-02-04','2023-02-04','[{\"download_link\":\"publications\\/March2023\\/EIqIqn3fQEkGa1zAnqM8.pdf\",\"original_name\":\"RG 21-03-02-2023 RECONOCIMIENTO JOSE LUIS RODRIGUEZ ESPINOZA.pdf\"}]',0,0,'2023-03-15 10:46:37','2023-03-15 10:46:37',NULL),(182,4,NULL,'RESOLUCIÓN DE GOBERNACIÓN N° 22/2023','DIPLOMA','DIPLOMA DE RECONOCIMIENTO A ALEJANDRO ERNESTO GÓMEZ AÑEZ','2023-02-04','2023-02-04','[{\"download_link\":\"publications\\/March2023\\/ZMJVy6eWPgf8yGM91osf.pdf\",\"original_name\":\"RG 22-03-02-2023 RECONOCIMIENTO ALEJANDRO ERNESTO GOMEZ A\\u00d1EZ.pdf\"}]',0,0,'2023-03-15 11:17:11','2023-03-15 11:17:11',NULL),(183,4,NULL,'RESOLUCIÓN DE GOBERNACIÓN N° 23/2023','DIPLOMA','DIPLOMA DE RECONOCIMIENTO A ORLANDO SUELDO SUÁREZ','2023-02-04','2023-02-04','[{\"download_link\":\"publications\\/March2023\\/lKdqyaBmN22xSoRcAaBB.pdf\",\"original_name\":\"RG 23-03-02-2023 RECONOCIMIENTO ORLANDO SUELDO.pdf\"}]',0,0,'2023-03-15 11:20:16','2023-03-15 11:20:16',NULL),(184,4,NULL,'RESOLUCIÓN DE GOBERNACIÓN N° 24/2023','DIPLOMA','DIPLOMA DE RECONOCIMIENTO A EMPRESA CONSTRUCTORA I.J.S.L.','2023-02-04','2023-02-04','[{\"download_link\":\"publications\\/March2023\\/DQyZq4rJHL7Uz61p46D6.pdf\",\"original_name\":\"RG 24-03-02-2023 RECONOCIMIENTO IVON JANETH SAUCEDO.pdf\"}]',0,0,'2023-03-15 11:22:48','2023-03-15 11:22:48',NULL),(185,4,NULL,'RESOLUCIÓN DE GOBERNACIÓN N° 25/2023','DIPLOMA','DIPLOMA DE RECONOCIMIENTO A FUTBOL CLUB LIBERTAD GRAN MAMORÉ','2023-02-04','2023-02-04','[{\"download_link\":\"publications\\/March2023\\/GQJXRLqZY7dnRVo87ThW.pdf\",\"original_name\":\"RG 25-03-02-2023 RECONOCIMIENTO  CLUB LIBERTAD GRAN MAMORE.pdf\"}]',0,0,'2023-03-15 11:28:20','2023-03-15 11:28:20',NULL),(186,4,NULL,'RESOLUCIÓN DE GOBERNACIÓN N° 26/2023','DIPLOMA','DIPLOMA DE RECONOCIMIENTO A ÁNGEL FERNANDO COSTA SARMIENTO','2023-02-04','2023-02-01','[{\"download_link\":\"publications\\/March2023\\/yJ8sHrUWvhFvPrqEeSR1.pdf\",\"original_name\":\"RG 26-03-02-2023 RECONOCIMIENTO  PRESIDENTE DE LA LIGA.pdf\"}]',0,0,'2023-03-15 11:38:48','2023-03-15 11:38:48',NULL),(187,4,NULL,'RESOLUCIÓN DE GOBERNACIÓN N° 27/2023','DIPLOMA','DIPLOMA DE RECONOCIMIENTO A FERNANDO HUMEREZ ORTIZ','2023-02-04','2023-02-04','[{\"download_link\":\"publications\\/March2023\\/TCVOyU5FpokDrBnC4DK3.pdf\",\"original_name\":\"RG 27-03-02-2023 RECONOCIMIENTO  FERNANDO HUMERES ORTIZ.pdf\"}]',0,0,'2023-03-15 11:40:45','2023-03-15 11:40:45',NULL),(188,4,NULL,'RESOLUCIÓN DE GOBERNACIÓN N° 28/2023','DIPLOMA','DIPLOMA DE RECONOCIMIENTO A JUAN CARLOS ROBLES RODRÍGUEZ','2023-02-04','2023-02-04','[{\"download_link\":\"publications\\/March2023\\/BLJr8WDO5pZHMMZEylOO.pdf\",\"original_name\":\"RG 28-03-02-2023 RECONOCIMIENTO  JUAN CARLOS ROBLES.pdf\"}]',0,0,'2023-03-15 11:42:58','2023-03-15 11:42:58',NULL),(189,5,NULL,'RESOLUCIÓN ADMINISTRATIVA DE GOBERNACIÓN N° 02/2023','DESIGNACIÓN','DESIGNA RPA RITA MARCELA APURANI VACA','2023-01-16','2023-01-16','[{\"download_link\":\"publications\\/March2023\\/R5KEKNHwzhlsHwzAXQnR.pdf\",\"original_name\":\"RAG N 02 DEL 16-02-2023 RESOLUCI\\u00d3N ADMINISTRATIVA DE GOBERNACI\\u00d3N. RPA-RPC FINANZAS.pdf\"}]',0,0,'2023-03-15 13:27:41','2023-03-15 13:27:41',NULL),(190,5,NULL,'RESOLUCIÓN ADMINISTRATIVA DE GOBERNACIÓN N° 07/2023','AUTORIZA','AUTORIZA CONTRATACIÓN CONSTRUCCIÓN DEFENSIVO RÍO BENI','2023-02-15','2023-02-15','[{\"download_link\":\"publications\\/March2023\\/7dkvwxbtHgrDLbNRZSNH.pdf\",\"original_name\":\"RAG N 07 DEL 15-02-2023 CONTRTACION POR EXCEPCION OBRAS PUBLICAS.pdf\"}]',0,0,'2023-03-15 13:32:13','2023-03-15 13:38:34',NULL),(191,1,NULL,'LEY DEPARTAMENTAL N° 70','RANGO','ELEVA A RANGO DE LEY EL DECRETO DEPARTAMENTAL N° 8/2016 DE FECHA 07 DE JUNIO','2016-10-06','2016-10-06','[{\"download_link\":\"publications\\/March2023\\/XY7BiHdpmW6f2xWe9mSB.pdf\",\"original_name\":\"10-06-2016 LD 70.pdf\"}]',0,0,'2023-03-20 08:44:07','2023-03-20 08:44:07',NULL),(192,1,NULL,'LEY DEPARTAMENTAL N° 69','POA','LEY DEL PROGRAMA OPERATIVO ANUAL (POA) Y PRESUPUESTO DEL GOBIERNO AUTÓNOMO DEPARTAMENTAL DEL BENI GESTIÓN 2017','2016-09-14','2016-09-14','[{\"download_link\":\"publications\\/March2023\\/4mmMtsy6PTUecQ7Vp4Ao.pdf\",\"original_name\":\"09-14-2016 LD 69.pdf\"}]',0,0,'2023-03-20 09:40:18','2023-03-20 09:40:18',NULL),(193,1,NULL,'LEY DEPARTAMENTAL N° 68','TRANSFIERE','LEY DE TRANSFERENCIA DEL BIEN INMUEBLE EN EL CUAL FUNCIONA EL \"CENTRO DE REHABILITACIÓN MOCIVÍ\"','2016-06-15','2016-06-15','[{\"download_link\":\"publications\\/March2023\\/yuwUjRcOU3zDPpinicgw.pdf\",\"original_name\":\"06-15-2016 LD 68.pdf\"}]',0,0,'2023-03-20 09:47:00','2023-03-20 09:47:00',NULL),(194,1,NULL,'LEY DEPARTAMENTAL N° 67','PATRIMONIO','LEY DE DECLARATORIA DE PATRIMONIO NATURAL, CULTURAL Y DESTINO TURÍSTICO A LOS LAGOS GRANDES LAGOS TECTÓNICOS DE EXALTACIÓN, PROVINCIA YACUMA','2016-05-19','2016-05-19','[{\"download_link\":\"publications\\/March2023\\/hp2y3yfd0Jmo8jz6JOGy.pdf\",\"original_name\":\"05-19-2016 LD 67.pdf\"}]',0,0,'2023-03-20 11:00:29','2023-03-20 11:00:29',NULL),(195,1,NULL,'LEY DEPARTAMENTAL N° 66','PRIORIDAD','LEY DE DECLARACIÓN DE PRIORIDAD LA ACTUALIZACIÓN DEL PLAN DE USO DE SUELO (PLUS)','2016-05-19','2016-05-19','[{\"download_link\":\"publications\\/March2023\\/aK94w26qqved4JkgrIER.pdf\",\"original_name\":\"05-19-2016 LD 66.pdf\"}]',0,0,'2023-03-20 11:29:33','2023-03-20 11:29:33',NULL),(196,1,NULL,'LEY DEPARTAMENTAL N° 65','MODIFICATORIA','LEY MODIFICATORIA A LA LEY DEPARTAMENTAL N° 48 DE CREACIÓN DEL IMPUESTO DEPARTAMENTAL A LA TRANSMISIÓN GRATUITA DE BIENES','2016-04-25','2016-04-25','[{\"download_link\":\"publications\\/March2023\\/Qizr7Rfcgtl9RoFWVwVH.pdf\",\"original_name\":\"04-25-2016 LD 65.pdf\"}]',0,0,'2023-03-20 11:39:43','2023-03-20 11:39:43',NULL),(197,4,NULL,'RESOLUCIÓN DE GOBERNACIÓN N° 47/2021','DESIGNA','DESIGANA A JUAN CARLOS SAKAMOTO PAZ DIRECTOR DE SEDES - BENI','2021-05-04','2021-05-04','[{\"download_link\":\"publications\\/March2023\\/3NPEafrBCFw1NETMN7St.pdf\",\"original_name\":\"RES DE GOB 047.pdf\"}]',0,0,'2023-03-20 11:51:53','2023-03-20 11:51:53',NULL),(198,1,NULL,'LEY DEPARTAMENTAL N° 64','PUERTO','LEY DEL PUERTO INTERMODAL DE CAMIACO','2015-12-15','2015-12-15','[{\"download_link\":\"publications\\/March2023\\/IGQaYlWsItrSepBvnYRP.pdf\",\"original_name\":\"12-15-2015 LD 64.pdf\"}]',0,0,'2023-03-21 08:42:29','2023-03-21 08:42:29',NULL),(199,1,NULL,'LEY DEPARTAMENTAL N° 63','CONTRAPARTE','LEY PARA LA GESTIÓN DEL CRÉDITO DEL GOBIERNO AUTÓNOMO DEPARTAMENTAL DEL BENI ANTE EL FONDO NACIONAL DE DESARROLLO REGIONAL (FNDR) PARA CONTRAPARTE LOCAL DE CARRETERAS DE LA RED FUNDAMENTAL','2015-12-11','2015-12-11','[{\"download_link\":\"publications\\/March2023\\/a78omi5kLeIbTC5qFKwF.pdf\",\"original_name\":\"12-11-2015 LD 63.pdf\"}]',0,0,'2023-03-21 08:53:53','2023-03-21 08:53:53',NULL),(200,1,NULL,'LEY DEPARTAMENTAL N° 62','TRAMO','LEY SOBRE EL TRAMO CARRETERO SAN IGNACIO DE MOXOS - EL PERÚ RÍO APERE - SANTA ANA DEL YACUMA, RAMAL EL DESENGAÑO','2015-11-25','2015-11-25','[{\"download_link\":\"publications\\/March2023\\/n0rlpxfUTu6jEsRIYL1U.pdf\",\"original_name\":\"11-25-2015 LD 62.pdf\"}]',0,0,'2023-03-21 09:21:08','2023-03-21 09:21:08',NULL),(201,1,NULL,'LEY DEPARTAMENTAL N° 61','SISTEMAS','LEY DE LOS SISTEMAS DE CAMELLONES Y CANALES','2015-11-25','2015-11-25','[{\"download_link\":\"publications\\/March2023\\/Pol3zADpmsUB5cunUSJq.pdf\",\"original_name\":\"11-25-2015 LD 61.pdf\"}]',0,0,'2023-03-21 09:24:24','2023-03-21 09:24:24',NULL),(202,1,NULL,'LEY DEPARTAMENTAL N° 60',NULL,'LEY QUE DECLARA PRIORIDAD DEPARTAMENTAL LA IMPLEMENTACIÓN DEL SISTEMA DE AGUA POTABLE Y ALCANTARILLADO EN LA CIUDAD DE SAN BORJA','2015-10-16','2015-10-16','[{\"download_link\":\"publications\\/March2023\\/CAuyzR6i7PVxhADpGFHr.pdf\",\"original_name\":\"10-16-2015 LD 60.pdf\"}]',0,0,'2023-03-21 09:29:50','2023-03-21 09:29:50',NULL),(203,1,NULL,'LEY DEPARTAMENTAL N° 59','TURISMO','LEY DE DECLARATORIA COMO DESTINO TURÍSTICO DEPARTAMENTAL A BELLA VISTA - PROVINCIA ITENEZ','2015-09-16','2015-09-16','[{\"download_link\":\"publications\\/March2023\\/0B8n0jdQ9SNnbH2iUqgt.pdf\",\"original_name\":\"09-16-2015 LD 59.pdf\"}]',0,0,'2023-03-21 10:13:47','2023-03-21 10:13:47',NULL),(204,1,NULL,'LEY DEPARTAMENTAL N° 58','POA','LEY DEL PROGRAMA OPERATIVO ANUAL (POA) Y PRESUPUESTO DEL GOBIERNO AUTÓNOMO DEPRTAMENTAL DEL BENI GESTIÓN 2016','2015-09-11','2015-09-11','[{\"download_link\":\"publications\\/March2023\\/5bIDnXlCoAbkAeyAVqO9.pdf\",\"original_name\":\"09-11-2015 LD 58.pdf\"}]',0,0,'2023-03-21 10:26:33','2023-03-21 10:26:33',NULL),(205,1,NULL,'LEY DEPARTAMENTAL N° 57','TRAMO','LEY SOBRE EL TRAMO CARRETERO SAN MIGUEL - RÍO MAMORÉ - SANTA ANA DEL YACUMA','2015-07-14','2015-07-14','[{\"download_link\":\"publications\\/March2023\\/XcCyFZf846Kv44Ty7vHk.pdf\",\"original_name\":\"07-14-2015 LD 57.pdf\"}]',0,0,'2023-03-21 10:38:44','2023-03-21 10:38:44',NULL),(206,1,NULL,'LEY DEPARTAMENTAL N° 56','POSESIÓN','TOMA DE JURAMENTO Y POSESIÓN','2015-06-03','2015-06-03','[{\"download_link\":\"publications\\/March2023\\/I6KDWSLr2HOwS0Wdd9Kz.pdf\",\"original_name\":\"06-03-2015 LD 56.pdf\"}]',0,0,'2023-03-21 10:54:34','2023-03-21 10:54:34',NULL),(207,1,NULL,'LEY DEPARTAMENTAL N° 55','HEROE','LEY DE DECLARACIÓN DE HEROE DEPARTAMENTAL AL CACIQUE LORETANO \"JOSE BOPI\"','2015-05-28','2015-05-28','[{\"download_link\":\"publications\\/March2023\\/YL3zoLByeyXo9BXf1i60.pdf\",\"original_name\":\"05-28-2015 LD 55.pdf\"}]',0,0,'2023-03-21 11:08:20','2023-03-21 11:08:20',NULL),(208,1,NULL,'LEY DEPARTAMENTAL N° 54','TRAMO','LEY DE LA CARRETERA DE LA LIBERTAD \"JOSE BOPI\"','2015-05-28','2015-05-28','[{\"download_link\":\"publications\\/March2023\\/aEJ8HFHT9lTbzLTIjGfo.pdf\",\"original_name\":\"05-28-2015 LD 54.pdf\"}]',0,0,'2023-03-21 11:16:55','2023-03-21 11:16:55',NULL),(209,1,NULL,'LEY DEPARTAMENTAL N° 53','CONSEJO','LEY DE CONSEJOS DE PARTICIPACIÓN Y COORDINACIÓN PROVINCIAL','2015-05-25','2015-05-25','[{\"download_link\":\"publications\\/March2023\\/i4Ioho9RWUlL2Mqb3u2U.pdf\",\"original_name\":\"05-25-2015 LD 53.pdf\"}]',0,0,'2023-03-21 11:21:09','2023-03-21 11:21:09',NULL),(210,1,NULL,'LEY DEPARTAMENTAL N° 52','CULTURA','DEL PATRIMONIO CULTURAL, ARQUEOLÓGICO Y PALEONTOLÓGICO DEL BENI','2015-05-25','2015-05-25','[{\"download_link\":\"publications\\/March2023\\/lerpGbZOlcRCrX9SL1UA.pdf\",\"original_name\":\"05-25-2015 LD 52.pdf\"}]',0,0,'2023-03-21 11:33:16','2023-03-21 11:33:16',NULL),(211,1,NULL,'LEY DEPARTAMENTAL N° 51','FISCALIZAR','LEY DE FISCALIZACIÓN LEGISLATIVA','2015-05-06','2015-05-06','[{\"download_link\":\"publications\\/March2023\\/7aeMs21EGO01ZpcuGLhW.pdf\",\"original_name\":\"04-16-2015 LD 51.pdf\"}]',0,0,'2023-03-21 11:39:40','2023-03-21 11:39:40',NULL),(212,1,NULL,'LEY DEPARTAMENTAL N° 50','CULTURA','DECLARATORIA DE PATRIMONIO HISTORICO, CULTURAL MATERIAL, URBANISTICO Y ARQUITECTONICO A CACHUELA ESPERANZA','2015-03-16','2015-03-16','[{\"download_link\":\"publications\\/March2023\\/HoQbKjdfeytdtmdwoS9K.pdf\",\"original_name\":\"03-12-2015 LD 50.pdf\"}]',0,0,'2023-03-21 11:44:25','2023-03-21 11:44:25',NULL),(213,1,NULL,'LEY DEPARTAMENTAL N° 49','VIA','LEY DE LA HIDROVIA MANIQUI - RAPULO','2015-03-02','2015-03-02','[{\"download_link\":\"publications\\/March2023\\/xtPLOF8H6NV68ndV47wu.pdf\",\"original_name\":\"03-02-2015 LD 49.pdf\"}]',0,0,'2023-03-21 11:56:44','2023-03-21 11:56:44',NULL),(214,1,NULL,'LEY DEPARTAMENTAL N° 48','IMPUESTO','IMPUESTO DEPARTAMENTAL A LA TRANSMISIÓN GRATUITA DE BIENES','2015-02-10','2015-02-10','[{\"download_link\":\"publications\\/March2023\\/OZdigrCNjLOK8z4xeonA.pdf\",\"original_name\":\"02-10-2015 LD 48.pdf\"}]',0,0,'2023-03-21 12:00:21','2023-03-21 12:00:21',NULL),(215,1,NULL,'LEY DEPARTAMENTAL N° 46','CULTURA','LEY DE LA DANZA LOS ACHUS (ENA ICHASIANANA)','2014-12-22','2014-12-22','[{\"download_link\":\"publications\\/March2023\\/UhUSnPGAVzoBIU6S9XWn.pdf\",\"original_name\":\"12-22-2014 LD 46 LEY DE LA DANZA DE LOS ACHUS ENA ICHASIANA.pdf\"}]',0,0,'2023-03-22 11:00:55','2023-03-22 11:00:55',NULL),(216,1,NULL,'LEY DEPARTAMENTAL N° 45','PERSONAS','LEY DE LA PERSONAS CON DISCAPACIDAD EN EL BENI','2014-12-18','2014-12-18','[{\"download_link\":\"publications\\/March2023\\/vKOkol0Fq6t0wCEmFewT.pdf\",\"original_name\":\"12-18-2014 LD 45 LEY DE LAS PERSONAS CON DISCAPACIDAD EN EL BENI.pdf\"}]',0,0,'2023-03-22 13:42:33','2023-03-22 13:42:33',NULL),(217,1,NULL,'LEY DEPARTAMENTAL N° 44','CULTURA','LEY DE LA FUNDICIÓN DE SAN PEDRO','2014-12-03','2014-12-03','[{\"download_link\":\"publications\\/March2023\\/jcUqFrSEmD0rQrhX7gCH.pdf\",\"original_name\":\"12-03-2014 LD 44 LEY DE LA FUNDICION DE SAN PEDRO.pdf\"}]',0,0,'2023-03-22 13:53:13','2023-03-22 13:53:13',NULL),(218,1,NULL,'LEY DEPARTAMENTAL N° 43','TRANSFERENCIA','LEY QUE APRUEBA LA TRANSFERENCIA DE LA INFRAESTRUCTURA FÍSICA DE LOS HOSPITALES DE TERCER NIVEL DE REFERENCIA DEPARTAMENTAL','2014-11-17','2014-11-17','[{\"download_link\":\"publications\\/March2023\\/CLh5yzFtNo5XlRE7alnM.pdf\",\"original_name\":\"11-17-2014 LD 43 LEY QUE APRUEBA LA TRANFERENCIA DE LOS HOSPITALES DE TERCER NIVEL.pdf\"}]',0,0,'2023-03-22 14:00:26','2023-03-22 14:00:26',NULL),(219,1,NULL,'LEY DEPARTAMENTAL N° 42','PATRIMONIO','LEY DEL COLEGIO NACIONAL PEDRO KRAMER','2014-10-17','2014-10-17','[{\"download_link\":\"publications\\/March2023\\/rdS0Q3cyBeHCe2Rlbfk3.pdf\",\"original_name\":\"10-17-2014 LD 42 LEY DEL COLEGIO NACIONAL PEDRO KRAMER.pdf\"}]',0,0,'2023-03-22 14:03:16','2023-03-22 14:03:16',NULL),(220,1,NULL,'LEY DEPARTAMENTAL N° 41','DESARROLLO','LEY DEL DIQUE DEFLECTOR DE TRINIDAD','2014-09-25','2014-09-25','[{\"download_link\":\"publications\\/March2023\\/W2sdyNelamTPmEWer5pW.pdf\",\"original_name\":\"09-26-2014 LD 41 LEY DEL DIQUE DEFLECTOR EN TRINIDAD.pdf\"}]',0,0,'2023-03-22 14:12:07','2023-03-22 14:12:07',NULL),(221,1,NULL,'LEY DEPARTAMENTAL N° 40','POA','LEY DEL PROGRAMA OPERATIVO ANUAL (POA) Y PRESUPUESTO DEL GOBIERNO AUTÓNOMO DEPARTAMENTAL DEL BENI - GESTIÓN 2015','2014-09-12','2014-09-12','[{\"download_link\":\"publications\\/March2023\\/NTLYr3ZfNptSrKDPWw3O.pdf\",\"original_name\":\"09-12-2014 LD 40 LEY DEL PROGRAMA OPERATIVO ANUAL POA DEL GAD-BENI Y PRESUPUESTO 2015.pdf\"}]',0,0,'2023-03-22 14:17:33','2023-03-22 14:32:23',NULL),(222,1,NULL,'LEY DEPARTAMENTAL N° 39','CULTURA','LEY DE DIVINO NIÑO','2014-08-14','2014-08-14','[{\"download_link\":\"publications\\/March2023\\/1nWhUI2xiLd9u1DtDEbL.pdf\",\"original_name\":\"06-24-2014 LD 39 LEY DE DECLARATORIA DE PATRIMONIO HISTIRICO Y CULTURAL AL TEMPLO DE SAN IGNACIO DE MOXOS.pdf\"}]',0,0,'2023-03-23 11:00:23','2023-03-23 11:00:23',NULL),(223,1,NULL,'LEY DEPARTAMENTAL N° 38','CULTURA','LEY DE DECLARATORIA DE PATRIMONIO HISTÓRICO, CULTURAL Y RELIGIOSO AL TEMPLO MISIONAL DE SAN IGNACIO DE MOXOS','2014-06-24','2014-06-24','[{\"download_link\":\"publications\\/March2023\\/hX0KOrbPHFWu21SGKcZn.pdf\",\"original_name\":\"06-24-2014 LD 38 LEY DE DECLARATORIA DE PATRIMONIO HISTIRICO Y CULTURAL AL TEMPLO DE SAN IGNACIO DE MOXOS.pdf\"}]',0,0,'2023-03-23 11:06:45','2023-03-23 11:06:45',NULL),(224,1,NULL,'LEY DEPARTAMENTAL N° 36','CULTURA','LEY DE LA \"BANDERA DEL PATUJÚ\"','2014-04-02','2014-04-02','[{\"download_link\":\"publications\\/March2023\\/IMlGuVIWZgiXulWBXrsQ.pdf\",\"original_name\":\"04-02-2014 LD 36 LEY LA BANDERA DEL PATUJU.pdf\"}]',0,0,'2023-03-23 11:10:16','2023-03-23 11:10:16',NULL),(225,1,NULL,'LEY DEPARTAMENTAL N° 35','SALUD','LEY DE LUCHA CONTRA LA FIEBRE HEMORRÁGICA BOLIVIANA','2014-03-14','2014-03-14','[{\"download_link\":\"publications\\/March2023\\/rzYFjAlUXf0O7uZgkMwz.pdf\",\"original_name\":\"03-14-2014 LD 35 LEY DE LUCHA CONTRA LA FIEBRE HEMORRAGICA BOVINA.pdf\"}]',0,0,'2023-03-23 11:16:00','2023-03-23 11:16:00',NULL),(226,1,NULL,'LEY DEPARTAMENTAL N° 35','CULTURA','\"LEY DE LA CASA SIMON\"','2013-12-12','2013-12-12','[{\"download_link\":\"publications\\/March2023\\/9QZX9BxlhJ9tIriO3Kvv.pdf\",\"original_name\":\"12-12-2013 LD 35 LEY DE  LA CASA SIMON.pdf\"}]',0,0,'2023-03-23 11:38:41','2023-03-23 11:38:41',NULL),(227,1,NULL,'LEY DEPARTAMENTAL N° 34','CULTURA','LEY DE LA DANZA \"LOS MACHETEROS\"','2013-11-14','2013-11-14','[{\"download_link\":\"publications\\/March2023\\/3KJFXoZSZxTZsXcRn5m1.pdf\",\"original_name\":\"11-14-2013 LD 34 LEY DE LA DANZA LOS MACHETEROS.pdf\"}]',0,0,'2023-03-23 11:42:53','2023-03-23 11:42:53',NULL),(228,1,NULL,'LEY DEPARTAMENTAL N° 33','APROBAR','LEY QUE APRUEBA EL REGLAMENTO PARA LA ELABORACIÓN DE PROYECTOS DE LEY','2013-09-17','2013-09-17','[{\"download_link\":\"publications\\/April2023\\/2PHxgJDW7kCL5Px1UTk3.pdf\",\"original_name\":\"REGLA LEY 33 y REGLAMENTO.pdf\"}]',1,0,'2023-03-23 11:47:47','2023-04-26 12:03:18',NULL),(229,1,NULL,'LEY DEPARTAMENTAL N° 31','PATRIMONIO','\"LEY DEPARTAMENTAL DE FOMENTO A LA PRODUCCIÓN Y PROTECCIÓN DEL CACAO (THEOBROMA CACAO) SILVESTRE Y CULTIVADO EN EL BENI\"','2012-12-10','2012-12-10','[{\"download_link\":\"publications\\/March2023\\/I8nx4TxWmN1Dbv3yEI5B.pdf\",\"original_name\":\"12-10-2012 LD 31.pdf\"}]',0,0,'2023-03-23 11:58:04','2023-03-23 11:58:04',NULL),(230,1,NULL,'LEY DEPARTAMENTAL N° 030','TRANSPORTE','LEY DEPARTAMENTAL DEL TRANSPORTE','2012-12-19','2012-12-19','[{\"download_link\":\"publications\\/March2023\\/DmOItwCowv9z8ncyqG1q.pdf\",\"original_name\":\"12-19-2012 LD 030.pdf\"},{\"download_link\":\"publications\\/March2023\\/9HNI71CJ25wAErh1EAFf.pdf\",\"original_name\":\"12-19-2012 LD 030.pdf\"}]',0,0,'2023-03-23 12:02:11','2023-03-24 15:28:38',NULL),(231,5,NULL,'RESOLUCIÓN ADMINISTRATIVA DE GOBERNACIÓN N°20/2023','RECURSOS','MODIFICACIÓN PRESUPUESTARIA INTRAINSTITUCIONAL PROGRAMA 170 0 018 FISCALIZACIÓN Y DESARROLLO DE LA MINERIA','2023-03-23','2023-03-09','[{\"download_link\":\"publications\\/March2023\\/tFg94Z3JdgnOt02sRm7m.pdf\",\"original_name\":\"RES. ADM. GOB N\\u00b0 20 2023.pdf\"}]',0,0,'2023-03-23 14:38:36','2023-03-23 14:38:36',NULL),(232,5,NULL,'RESOLUCIÓN ADMINISTRATIVA DE GOBERNACIÓN N° 04/2023','CULTURA','DESIGNA RPA ORLANDO SUELDO SUÁREZ SEDEDE-BENI','2023-02-07','2023-02-07','[{\"download_link\":\"publications\\/March2023\\/SvnkgxIjvPqQyn6IKrmu.pdf\",\"original_name\":\"RAG N\\u00b0 04 DEL 07-02-2023 RPA SEDEDE - CHOCO SUELDO.pdf\"}]',0,0,'2023-03-23 15:21:09','2023-03-23 15:21:09',NULL),(233,5,NULL,'RESOLUCIÓN ADMINISTRATIVA DE GOBERNACIÓN N° 014/2023','VIAJE','AUTORIZA VIAJE EN COMISIÓN ING. CARLOS DORIAN LAZO GONGORA SDMEH','2023-02-28','2023-02-28','[{\"download_link\":\"publications\\/March2023\\/br53Lw2cInRfJJDJ85yo.pdf\",\"original_name\":\"RAG N 014 2023 VIAJE EN COMISI\\u00d3N.pdf\"}]',0,0,'2023-03-23 15:25:37','2023-03-23 15:25:37',NULL),(234,1,NULL,'LEY DEPARTAMENTAL N° 029','DESARROLLO','DECLARATORIA DE PRIORIDAD Y NECESIDAD DEPARTAMENTAL LA CONSTRUCCIÓN DE LA CARRETERA VILLA TUNARI - SAN IGNACIO DE MOXOS','2012-11-18','2012-11-18','[{\"download_link\":\"publications\\/March2023\\/ugutVzRt0f4ZrKZq0D32.pdf\",\"original_name\":\"11-18-2012 LD 029.pdf\"},{\"download_link\":\"publications\\/March2023\\/Nu6IamvhiGz8QV3Da0mx.pdf\",\"original_name\":\"11-18-2012 LD 029.pdf\"}]',0,0,'2023-03-24 10:42:25','2023-03-24 15:28:59',NULL),(235,1,NULL,'LEY DEPARTAMENTAL N° 028','DESARROLLO','LEY DEPARTAMENTAL SOBRE PROYECTO DE LEY \"RECUPERACIÓN ARROYO SAN JUAN Y SISTEMA DE DRENAJE EN TRINIDAD Y ÁREAS CIRCUNDANTES\"','2012-10-05','2012-10-05','[{\"download_link\":\"publications\\/March2023\\/iaIVtxf8n8BeVEl3Gqtj.pdf\",\"original_name\":\"09-20-2012 LD 028.pdf\"},{\"download_link\":\"publications\\/March2023\\/40pbeUiwuREW8B2yWkcQ.pdf\",\"original_name\":\"09-20-2012 LD 028.pdf\"}]',0,0,'2023-03-24 15:26:23','2023-03-24 15:29:17',NULL),(236,5,NULL,'RESOLUCIÓN ADMINISTRATIVA DE GOBERNACIÓN N° 22/2023','PAGO','CUENTAS POR COBRAR A WALTER GUZMAN ROCA, WALTER JUSTINIANO VIRUEZ Y MARIA VERÓNICA AGUIRRE AGUIRRE EL MONTO DE BS. 23.300,46 (VEINTITRES MIL TRESCIENTOS, 46/100)','2023-03-15','2023-03-15','[{\"download_link\":\"publications\\/March2023\\/zPW5gsBRn12jVwFnmxBK.pdf\",\"original_name\":\"RAG N 22 2023 CONMINATORIA DE PAGO CUENTAS POR COBRAR.pdf\"}]',0,0,'2023-03-27 10:46:45','2023-03-27 10:46:45',NULL),(237,1,NULL,'LEY DEPARTAMENTAL N° 027','POA','LEY DEPARTAMENTAL DEL POA Y PRESUPUESTO GESTIÓN 2013 DEL GOBIERNO AUTÓNOMO DEPARTAMENTAL DEL BENI','2012-09-07','2012-09-07','[{\"download_link\":\"publications\\/March2023\\/1FTHuYfjXa9tsjlKTtMw.pdf\",\"original_name\":\"09-07-2012 LD 027.pdf\"}]',0,0,'2023-03-27 11:17:10','2023-03-27 11:17:10',NULL),(238,1,NULL,'LEY DEPARTAMENTAL N° 026','POA','LEY DEPARTAMENTAL SEGUNDA REFORMULACIÓN PRESUPUESTARIA GESTIÓN FISCAL 2012 DEL GOBIERNO AUTONOMO DEPARTAMENTAL DEL BENI','2012-06-29','2012-06-29','[{\"download_link\":\"publications\\/March2023\\/fdo6dWH3LhUnV4mlYmR7.pdf\",\"original_name\":\"06-29-2012 LD 026.pdf\"}]',0,0,'2023-03-27 15:10:48','2023-03-27 15:10:48',NULL),(239,1,NULL,'LEY DEPARTAMENTAL N° 025','TRAMO','LEY DECLARATORIA DE PRIORIDAD DEPARTAMENTAL EL MEJORAMIENTO DE LA CARRETERA \"INTERSECCIÓN TRINIDAD - SAN MIGUEL - RÍO MAMORÉ - SANTA ANA\"','2012-06-29','2012-06-29','[{\"download_link\":\"publications\\/March2023\\/o1ZCumcfcJB1GyrPrOK8.pdf\",\"original_name\":\"06-29-2012 LD 025.pdf\"}]',0,0,'2023-03-27 15:20:05','2023-03-27 15:20:05',NULL),(240,4,NULL,'RESOLUCIÓN DE GOBERNACIÓN N° 64/2023','PERSONALIDAD','PERSONALIDAD JURÍDICA ENTIDAD CIVIL SIN FIN DE LUCRO \"ASOCIACIÓN COMUNAL DEL SERVICIO DE AGUA POTABLE YATA\" - ACOSAP YATA','2023-03-28','2023-03-24','[{\"download_link\":\"publications\\/March2023\\/7bJdKFoE5Lo3zE0Pv8Df.pdf\",\"original_name\":\"RG N 64 DE 2023 PERSONERIA JURIDICA.pdf\"}]',0,0,'2023-03-28 08:26:43','2023-03-28 08:26:43',NULL),(241,1,NULL,'LEY DEPARTAMENTAL N° 24','CULTURA','LEY DEPARTAMENTAL EN HOMENAJE A LAS BODAS DE ORO DEL COLEGIO LA SALLE','2012-04-26','2012-04-26','[{\"download_link\":\"publications\\/March2023\\/H5mRtW2UwMsvp330x1Ef.pdf\",\"original_name\":\"04-26-2012 LD 024.pdf\"}]',0,0,'2023-03-28 09:11:09','2023-03-28 09:11:09',NULL),(242,1,NULL,'LEY DEPARTAMENTAL N° 23','POA','LEY DEPARTAMENTAL DE REFORMULACIÓN EXTRAORDINARIA DEL PRESUPUESTO 2012 DEL GOBIERNO AUTÓNOMO DEPARTAMENTAL DEL BENI','2012-03-15','2012-03-15','[{\"download_link\":\"publications\\/March2023\\/5sndl3eRJ4YtNkmq3gOG.pdf\",\"original_name\":\"03-15-2012 LD 023.pdf\"}]',0,0,'2023-03-28 09:24:14','2023-03-28 09:24:14',NULL),(243,1,NULL,'LEY DEPARTAMENTAL N° 22','SALUD','DE CREACIÓN DEL FONDO ROTATORIO PARA ESPECIALIDADES MÉDICAS','2012-03-26','2012-03-26','[{\"download_link\":\"publications\\/March2023\\/RZNtUrqd96Fa4bt3crRd.pdf\",\"original_name\":\"03-26-2012 LD 022.pdf\"}]',0,0,'2023-03-28 09:55:02','2023-03-28 09:55:02',NULL),(244,1,NULL,'LEY DEPARTAMENTAL N° 21','CULTURA','PARA TRAZAR UNA ESTRATÉGIA DIGNA DE LUCHA POR LA DEFENSA DE NUESTRO PATRIMONIO TERRITORIAL Y CULTURAL EN LA REGIÓN SUR DEL BENI (Ichilo-Chimoré-Chapare e Isiboro/Sécure).','2012-05-15','2012-05-15','[{\"download_link\":\"publications\\/March2023\\/THOPcv8DDcvLgjhvzj3T.pdf\",\"original_name\":\"05-15-2012 LD 021.pdf\"}]',0,0,'2023-03-28 10:11:54','2023-03-28 10:11:54',NULL),(245,1,NULL,'LEY DEPARTAMENTAL N° 20','POA','REFORMULACIÓN DEL PRESUPUESTO DEL GOBIERNO DEPARTAMENTAL DEL BENI - GESTIÓN 2012','2012-03-07','2012-03-07','[{\"download_link\":\"publications\\/March2023\\/28JlGePEUvR1A4gacb5i.pdf\",\"original_name\":\"03-07-2012 LD 020.pdf\"}]',0,0,'2023-03-28 10:23:49','2023-03-28 10:23:49',NULL),(246,1,NULL,'LEY DEPARTAMENTAL N° 019','TRANSPORTE','LEY TRANSITORIA DE AMPLIACIÓN DE VALIDEZ DE TARJETAS DE OPERACIONES DE TRANSPORTE TERRESTRE INTERPROVINCIAL DE CARGA Y/O PASAJEROS','2012-02-07','2012-02-07','[{\"download_link\":\"publications\\/March2023\\/b3g5PITDmMhntCIYFa16.pdf\",\"original_name\":\"02-07-2012 LD 019.pdf\"}]',0,0,'2023-03-28 10:43:18','2023-03-28 10:43:18',NULL),(247,1,NULL,'LEY DEPARTAMENTAL N° 018','POA','MODIFICACIONES AL PRESUPUESTO 2011 DEL GOBIERNO DEPARTAMENTAL','2011-12-02','2011-12-02','[{\"download_link\":\"publications\\/March2023\\/tMLRolm9n8DztssXxasj.pdf\",\"original_name\":\"12-02-2011 LD 018 MODIFICACIONES AL PRESUPUESTO 2011 DEL GOBIERNO DEPARTAMENTAL.pdf\"}]',0,0,'2023-03-28 11:01:53','2023-03-28 11:01:53',NULL),(248,1,NULL,'LEY DEPARTAMENTAL N° 017','PATRIMONIO','DECLARA PATRIMONIO NATURAL DEPARTAMENTAL EL ARROYO \"LAS ARENAS\" DE LA CIUDAD DE GUAYARAMERÍN','2012-02-09','2012-02-09','[{\"download_link\":\"publications\\/March2023\\/K5yA8G8H8lseF8DlM8Bt.pdf\",\"original_name\":\"02-09-2012 LD 017.pdf\"}]',0,0,'2023-03-28 11:47:58','2023-03-28 11:47:58',NULL),(249,4,NULL,'RESOLUCIÓN DE GOBERNACIÓN N° 63/2023','PERSONALIDAD','PERSONALIDAD JURÍDICA A CLUB ATLÉTICO DEL BENI \"C.A.B.\"','2023-03-28','2023-03-24','[{\"download_link\":\"publications\\/March2023\\/idJXDZoyuelwhx2E826m.pdf\",\"original_name\":\"RG N 63 2023 PER JUR CLUB ATL\\u00c9TICO DEL BENI.pdf\"}]',0,0,'2023-03-28 12:04:27','2023-03-28 12:04:27',NULL),(250,4,NULL,'RESOLUCIÓN DE GOBERNACIÓN N° 50/2023','PERSONALIDAD','PERSONALIDAD JURÍDICA DEL CLUB DEPORTIVO, EDUCATIVO, CULTURAL Y SOCIAL \"LOS ALMENDROS\"','2023-03-10','2023-03-10','[{\"download_link\":\"publications\\/March2023\\/XuG2CWgwNliMUF3WjgJn.pdf\",\"original_name\":\"RG N 50 PERS JUR CLUB LOS ALMENDROS.pdf\"}]',0,0,'2023-03-28 13:34:20','2023-03-28 13:34:20',NULL),(251,4,NULL,'RESOLUCIÓN DE GOBERNACIÓN N° 57/2023','PERSONALIDAD','PERSONALIDAD JURÍDICA DE MILLONARIO FUTBOL CLUB','2023-03-15','2023-03-15','[{\"download_link\":\"publications\\/March2023\\/9qfUiTO9Z0pIDby15hx5.pdf\",\"original_name\":\"RG N 57 2023 PERS JUR MILLONARIO FUTBOL CLUB.pdf\"}]',0,0,'2023-03-28 13:39:39','2023-03-28 13:39:39',NULL),(252,2,NULL,'DECRETO DEPARTAMENTAL N° 04/2023','IMPUESTO','APRUEBA EL REGLAMENTO A LA LEY DEPARTAMENTAL N° 48 DE 10 DE FEBRERO DEL 2015, DE CREACIÓN DEL IMPUESTO DEPARTAMENTAL A LA TRANSMISIÓN GRATUITA DE BIENES (IDTGB)','2023-02-24','2023-02-23','[{\"download_link\":\"publications\\/March2023\\/eEzdpKFMKpZa4Qskw4QA.pdf\",\"original_name\":\"DD N 04 DEL 05-02-23 REGLAMENTO A LA  LEY DPTAL. N\\u00b0 48 TRANSMISION GRATUITA DE BIENES FINAL.pdf\"}]',0,0,'2023-03-29 10:12:21','2023-03-29 10:12:21',NULL),(253,2,NULL,'DECRETO DEPARTAMENTAL N° 05/2023','EMERGENCIA','DECLARA EMERGENCIA DEPARTAMENTAL POR INUNDACIONES OCASIONADO POR LAS EXCESIVAS PRECIPITACIONES PLUVIALES Y ELEVADOS NIVELES DE LOS RIOS','2023-02-27','2023-02-24','[{\"download_link\":\"publications\\/March2023\\/5M2hQ1HmyotdB8K372d2.pdf\",\"original_name\":\"DD N 05 DEL 07-02-23 DECLARATORIA DE EMERGENCIA POR INUNDACIONES.pdf\"}]',0,0,'2023-03-29 10:22:18','2023-03-29 10:22:18',NULL),(254,4,NULL,'RESOLUCIÓN DE GOBERNACIÓN N° 49/2023','PERSONALIDAD','PERSONALIDAD JURÍDICA DEL \"SINDICATO DE MUJERES ARENERAS Y RAMAS AFINES SANTISIMA TRINIDAD Y AFILIADOS\" (SMARAF)','2023-03-07','2023-03-07','[{\"download_link\":\"publications\\/March2023\\/neuZVIo8m4ZMeNwCya9q.pdf\",\"original_name\":\"RG N 49 2023 PERS JUR MUJERES ARENERAS.pdf\"}]',0,0,'2023-03-29 14:03:04','2023-03-29 14:03:04',NULL),(255,4,NULL,'RESOLUCIÓN DE GOBERNACIÓN N° 60/2023','PERSONALIDAD','PERSONALIDAD JURÍDICA DE LA ASOCIACIÓN MUNICIPAL DE FUTBOL DE SALON (AMFUSAG)','2023-03-29','2023-03-20','[{\"download_link\":\"publications\\/March2023\\/MwJOwFIcmJzxY8zAJkoK.pdf\",\"original_name\":\"RG N 60 2023 PERS JUR AMFUSAG.pdf\"}]',0,0,'2023-03-29 14:10:37','2023-03-29 14:10:37',NULL),(256,4,NULL,'RESOLUCIÓN DE GOBERNACIÓN N° 61/2023','PERSONALIDAD','PERSONALIDAD JURÍDICA DE LA FUNDACIÓN FUTUROS DE ESPERANZA Y LOGROS','2023-03-29','2023-03-22','[{\"download_link\":\"publications\\/March2023\\/XInG0TXNoZlECAAzJoqS.pdf\",\"original_name\":\"RG N 61 2023 PERS JUR FUNDACION FUTUROS.pdf\"}]',0,0,'2023-03-29 14:18:11','2023-03-29 14:18:11',NULL),(257,5,NULL,'RESOLUCIÓN ADMINISTRATIVA DE GOBERNACIÓN N° 30/2023','MODIFICACIÓN','MODIFICACIÓN PRESUPUESTARIA PARA EL BANCO DE SANGRE DE REF. DPTAL. DEL BENI','2023-03-31','2023-03-21','[{\"download_link\":\"publications\\/March2023\\/IlcROQaLmkkEM3oufliG.pdf\",\"original_name\":\"RAG N 30 2023 MOD PRES BANCO DE SANGRE.pdf\"}]',1,0,'2023-03-31 14:23:50','2023-03-31 14:27:33',NULL),(258,4,NULL,'RESOLUCIÓN DE GOBERNACIÓN N° 59/2023','PERSONALIDAD','PERSONALIDAD JURÍDICA DEL CLUB DEPORTIVO, GERMAN BUSH CON LAS SIGLAS \"C.D.G.B.\"','2023-03-31','2023-03-17','[{\"download_link\":\"publications\\/April2023\\/8upxtSt1wfljzGaULvIY.pdf\",\"original_name\":\"RG N 59 2023 PERS JUR CLUB DEP GER BUSH.pdf\"}]',0,0,'2023-04-03 08:52:24','2023-04-03 08:52:24',NULL),(259,4,NULL,'RESOLUCIÓN DE GOBERNACIÓN N° 62/2023','TERRITORIO','COMISIÓN TÉCNICA JURÍDICA DE CARÁCTER ACADÉMICO AD HONOREM PARA LA DEFENSA DEL TERRITORIO BENIANO (CASO LEY 846)','2023-03-31','2023-03-24','[{\"download_link\":\"publications\\/April2023\\/FncUBNglOCiSZtLThC22.pdf\",\"original_name\":\"RG 62-24-03-2023 LEGITIMACION DEL COMIT\\u00c9 T\\u00c9CNICO JURIDICO DE ORDENAMIENTO TERRITORIAL.pdf\"}]',0,0,'2023-04-03 10:17:31','2023-04-03 10:17:31',NULL),(260,2,NULL,'DECRETO DEPARTAMENTAL N° 06/2023','ESTRUCTURA','APRUEBA LA NUEVA ESTRUCTURA ORGANIZACIONAL DEL ÓRGANO EJECUTIVO DEL GAD.BENI','2023-04-05','2023-03-24','[{\"download_link\":\"publications\\/April2023\\/r5CH7rXxNBgl9rMa3fLb.pdf\",\"original_name\":\"06-24-03-23 MODIFICACION ESTRUCTURA GAD-BENI.pdf\"}]',0,0,'2023-04-05 14:12:36','2023-04-05 14:12:36',NULL),(261,2,NULL,'DECRETO DEPARTAMENTAL N° 08/2023','CULTURA','AUTO DE BUEN GOBIERNO POR LA CELEBRACIÓN DE LA SEMANA SANTA','2023-04-05','2023-03-30','[{\"download_link\":\"publications\\/April2023\\/l3yhUUPJzmNXd9DwKar8.pdf\",\"original_name\":\"08-230-03-23 AUTO DE BUEN GOBIERNO POR SEMANA SANTA DRA ITZEL.pdf\"}]',0,0,'2023-04-05 14:15:00','2023-04-05 14:15:00',NULL),(262,5,NULL,'RESOLUCIÓN ADMINISTRATIVA DE GOBERNACIÓN N° 31/2023','PRESUPUESTO','MODIFICACIÓN PRESUPUESTARIA POR CAMBIO DE DIRECCIÓN ADMINISTRATIVA Y UNIDAD EJECUTORA','2023-04-05','2023-03-28','[{\"download_link\":\"publications\\/April2023\\/uZHhb3ndPbUox5v96w4w.pdf\",\"original_name\":\"RAG N 31 MOD PRES CAMBIO.pdf\"}]',0,0,'2023-04-05 14:37:24','2023-04-05 14:37:24',NULL),(263,5,NULL,'RESOLUCIÓN ADMINISTRATIVA DE GOBERNACIÓN N° 39/2023','CULTURA','MODIFICACIÓN PRESUPUESTARIA GESTIÓN 2023, TRASPASO PARA EL PROYECTO RECONSTRUCCIÓN CAMPANARIO FRONTIS IGLESIA COMUNIDAD SAN PEDRO NUEVO MUNICIPIO DE SAN JAVIER','2023-04-05','2023-04-03','[{\"download_link\":\"publications\\/April2023\\/YG25OWoItZrBE3cphnyY.pdf\",\"original_name\":\"RAG N 39 MODIF PRES SAN PEDRO.pdf\"}]',0,0,'2023-04-05 14:49:08','2023-04-05 14:49:08',NULL),(264,1,NULL,'LEY DEPARTAMENTAL N° 016','DESARROLLO','DECLARA PRIORIDAD CONSTRUCCIÓN Y EQUIPAMIENTO ITSA - RIBERALTA','2011-11-17','2011-11-17','[{\"download_link\":\"publications\\/April2023\\/8cuHddomDratOlluRGvY.pdf\",\"original_name\":\"11-17-2011 LD 016 LEY DECLARA PRIORIDAD CONSTRUCCION Y EQUIPAMIENTO ITSA - RIBERALTA.pdf\"}]',0,0,'2023-04-06 10:47:21','2023-04-06 10:47:21',NULL),(265,1,NULL,'LEY DEPARTAMENTAL N° 015','PATRIMONIO','DECLARA PATRIMONIO HISTÓRICO A CATEDRAL DE TRINIDAD','2011-11-01','2011-11-01','[{\"download_link\":\"publications\\/April2023\\/0VQohvClhccxVNZ2QvqZ.pdf\",\"original_name\":\"11-01-2011 LD 015 LEY DECLARA PATRIMONIO HISTORICO A CATEDRAL DE TRINIDAD.pdf\"}]',0,0,'2023-04-06 10:51:44','2023-04-06 10:51:44',NULL),(266,1,NULL,'LEY DEPARTAMENTAL N° 014','CULTURA','TEXTO EDUCATICO OFICIAL','2011-11-01','2011-11-01','[{\"download_link\":\"publications\\/April2023\\/s3FPydlcDJZANbqtDUZp.pdf\",\"original_name\":\"11-01-2011 LD 014 LEY TEXTO EDUCATIVO OFICIAL.pdf\"}]',0,0,'2023-04-06 11:34:58','2023-04-06 11:34:58',NULL),(267,1,NULL,'LEY DEPARTAMENTAL N° 013','SALUD','LEY CONTRA EL DENGUE EN EL DEPARTAMENTO DEL BENI','2011-11-04','2011-11-04','[{\"download_link\":\"publications\\/April2023\\/E99weGNU5HUWlJTNzxiO.pdf\",\"original_name\":\"11-04-2011 LD 013 LEY CONTRA EL DENGUE EN EL DEPARTAMENTO DEL BENI.pdf\"}]',0,0,'2023-04-06 11:43:35','2023-04-06 11:43:35',NULL),(268,1,NULL,'LEY DEPARTAMENTAL N° 012','CULTURA','FERIADO DEPARTAMENTAL EL DÍA 07 DE OCTUBRE, DÍA DE LA FESTIVIDAD DE LAS LÁGRIMAS DE LA VIRGEN DE LORETO','2011-10-04','2011-10-04','[{\"download_link\":\"publications\\/April2023\\/87Ku6Y8k3YFrk4zGApa4.pdf\",\"original_name\":\"LEY N 012.pdf\"}]',0,0,'2023-04-06 12:00:56','2023-04-06 12:00:56',NULL),(269,1,NULL,'LEY DEPARTAMENTAL N° 011','POA','LEY DEPARTAMENTAL DEL PRESUPUESTO 2012 DEL GOBIERNO DEPARTAMENTAL AUTONOMO DEL BENI','2011-09-20','2011-09-20','[{\"download_link\":\"publications\\/April2023\\/J1qUXhulwrRGNOAcmaxH.pdf\",\"original_name\":\"09-20-2011 LD 011 Ley Departamental Del Presupuesto 2012 Del Gobierno Departamental Aut\\u00f3nomo Del Beni.pdf\"}]',0,0,'2023-04-06 12:07:34','2023-04-06 12:07:34',NULL),(270,1,NULL,'LEY DEPARTAMENTAL N° 010','POA','REFORMULACIÓN DEL PRESUPUESTO DEL GOBIERNO DEPARTAMENTAL DEL BENI DE LA GESTIÓN 2011','2011-08-15','2011-08-15','[{\"download_link\":\"publications\\/April2023\\/J150FVIeOe7IHUaouzh3.pdf\",\"original_name\":\"08-15-2011 LD 010 LEY REFORMULACION DEL PRESUPUESTO DEL GOBIERNO DEPARTAMENTAL DEL BENI DE LA GESTION 2011 - copia.pdf\"}]',0,0,'2023-04-06 12:20:35','2023-04-06 12:20:35',NULL),(271,1,NULL,'LEY DEPARTAMENTAL N° 009','POA','REFORMULACIÓN DEL PRESUPUESTO DEL GOBIERNO DEPARTAMENTAL DEL BENI - GESTIÓN 2011','2011-08-15','2011-08-15','[{\"download_link\":\"publications\\/April2023\\/OWUhCca4aXi7VLyzUNC9.pdf\",\"original_name\":\"08-15-2011 LD 009 LEY REFORMULACION DEL RESUPUESTO DEL GOBIERNO DEPARTAMENTAL DEL BENI - GESTION 2011.pdf\"}]',0,0,'2023-04-06 12:37:36','2023-04-06 12:37:36',NULL),(272,1,NULL,'LEY DEPARTAMENTAL N° 008','PATRIMONIO','LEY DE RECUPERACIÓN Y CANALIZACIÓN DEL ARROYO EL ATAJAO DE SAN BORJA','2011-06-29','2011-06-29','[{\"download_link\":\"publications\\/April2023\\/DRDmoXQV6WQ8sL1AxkJ2.pdf\",\"original_name\":\"06-29-2011 LD 008 LEY DE RECUPERACI\\u00d3N Y CANALIZACI\\u00d3N DEL ARROYO EL ATAJAO DE SAN BORJA.pdf\"}]',0,0,'2023-04-06 12:42:48','2023-04-06 12:42:48',NULL),(273,1,NULL,'LEY DEPARTAMENTAL N° 007','POA','LEY DE REFORMULACIÓN DEL PRESUPUESTO DE LA H. ASAMBLEA LEGISLATIVA DEPARTAMENTAL DEL BENI DE LA GESTIÓN 2011','2011-06-16','2011-06-16','[{\"download_link\":\"publications\\/April2023\\/5O2m0RtYC1nQKpki1ff6.pdf\",\"original_name\":\"06-16-2011 LD 007 LEY DE REFORMULACI\\u00d3N DEL PRESUPUESTO DE LA H. ASAMBLEA.pdf\"}]',0,0,'2023-04-06 12:50:04','2023-04-06 12:50:04',NULL),(274,1,NULL,'LEY DEPARTAMENTAL N° 006','POA','LEY DE REFORMULACIÓN DE PRESUPUESTO DEL GOBIERNO DEPARTAMENTAL AUTÓNOMO DEL BENI DE LA GESTIÓN 2011','2011-04-05','2011-04-05','[{\"download_link\":\"publications\\/April2023\\/4GAvmaCqmpkvG2TcEz7e.pdf\",\"original_name\":\"06-05-2011 LD 006 LEY DE REFORMULACION DEL PRESUPUESTO DEPARTAMENTAL AUTONOMO DEL BENI DE LA GESTION 2011.pdf\"}]',0,0,'2023-04-06 12:56:21','2023-04-06 12:56:21',NULL),(275,1,NULL,'LEY DEPARTAMENTAL N° 005','MANDATO','LEY DE CESACIÓN DE MANDATO DE LAS AUTORIDADES DEPARTAMENTALES ELECTAS','2011-03-03','2011-03-03','[{\"download_link\":\"publications\\/April2023\\/QH5VN7GjZwrUbBYrMlop.pdf\",\"original_name\":\"LEY N 005.pdf\"}]',0,0,'2023-04-06 13:06:47','2023-04-06 13:06:47',NULL),(276,5,NULL,'RESOLUCIÓN ADMINISTRATIVA DE GOBERNACIÓN N° 38/2023','DESARROLLO','MODIFICACIÓN PRESUPUESTARIA CONSTRUCCIÓN SISTEMA DE ELECTRIFICACIÓN RURAL COMUNIDAD SAN FRANCISCO MUNICIPIO DE RIBERALTA','2023-04-11','2023-03-30','[{\"download_link\":\"publications\\/April2023\\/k0jJXAc2a83nB6BLywL4.pdf\",\"original_name\":\"RAG N 38 2023 MOD PRES ELECTRIFICACI\\u00d3N SAN FRANCISCO.pdf\"}]',0,0,'2023-04-11 14:36:04','2023-04-11 14:36:04',NULL),(277,2,NULL,'DECRETO DEPARTAMENTAL N° 07/2023','DESARROLLO','DECLARA PRIORIDAD DEPARTAMENTAL LA CARRETERA QUE UNIRÁ LOS DEPARTAMENTOS DE BENI - COCHABAMBA, POR LA RUTA: YUCUMO - QUIQUIBEY - PALOS BLANCOS - COVENDO - COCAPATA - QUILLACOLLO','2023-04-11','2023-03-28','[{\"download_link\":\"publications\\/April2023\\/1ab6YXMTFmMdWEMg0zCx.pdf\",\"original_name\":\"DD N 07 DEL 28-03-23 DECLARACION PRIORIDAD CAMINO.pdf\"}]',0,0,'2023-04-11 14:49:23','2023-04-11 14:49:23',NULL),(278,1,NULL,'LEY DEPARTAMENTAL N° 004','POA','LEY DEPARTAMENTAL QUE APRUEBA LA TERCERA MODIFICACIÓN PRESUPUESTARIA DE LA GESTIÓN 2010','2010-12-22','2010-12-22','[{\"download_link\":\"publications\\/April2023\\/cVvgkRDEDaykXO7sYXGE.pdf\",\"original_name\":\"LEY N 004.pdf\"}]',0,0,'2023-04-14 10:49:31','2023-04-14 10:49:31',NULL),(279,5,NULL,'RESOLUCIÓN ADMINISTRATIVA DE GOBERNACIÓN N° 36/2023','MODIFICACIÓN','MODIFICACIÓN PRESUPUESTARIA PROYECTO DE CONST. INFRAESTRUCTURA DEPORTIVA UNIDAD EDUCATIVA VILLA BORJANA','2023-04-17','2023-03-30','[{\"download_link\":\"publications\\/April2023\\/2N70gJY4RrohKwskBIOx.pdf\",\"original_name\":\"RAG N 36 2023 MOD PRES VILLA BORJANA.pdf\"}]',0,0,'2023-04-17 10:16:52','2023-04-17 10:16:52',NULL),(280,4,NULL,'RESOLUCIÓN DE GOBERNACIÓN N° 69/2023','PERSONALIDAD','PERSONALIDAD JURÍDICA A ENTIDAD CIVIL SIN FIN DE LUCRO COLEGIO DE INTERNACIONALISTAS DEL BENI \"COIBENI\"','2023-04-17','2023-03-29','[{\"download_link\":\"publications\\/April2023\\/2DMSSLI1ORLIS9VAe4el.pdf\",\"original_name\":\"RG N 69 2023 PERS JUR COIBENI.pdf\"}]',0,0,'2023-04-17 10:43:07','2023-04-17 10:43:07',NULL),(281,4,NULL,'RESOLUCIÓN DE GOBERNACIÓN N° 70/2023','PERSONALIDAD','PPPSONALIDAD JURÍDICA A ENTIDAD CIVIL SIN FINES DE LUCRO COLEGIO DE PROFESIONALES DEL BENI','2023-04-17','2023-04-13','[{\"download_link\":\"publications\\/April2023\\/ezFyGGA5crmh13AplvPW.pdf\",\"original_name\":\"RG N 70 2023 PERS JUR COLEGIO TURISMO DEL BENI.pdf\"}]',0,0,'2023-04-17 10:54:26','2023-04-17 10:54:26',NULL),(282,4,NULL,'RESOLUCIÓN DE GOBERNACIÓN N° 68/2023','GUIA','APRUEBA \"GUIA PARA CIERRE DE PROYECTOS DE INVERSIÓN PÚBLICA DEL GOBIERNO AUTÓNOMO DEPARTAMENTAL DEL BENI\"','2023-04-17','0023-02-03','[{\"download_link\":\"publications\\/April2023\\/ynFuMlq7CWv4uC55Q4Oo.pdf\",\"original_name\":\"RG 68-27-03-2023 APROBACION MANUAL DE CIERRE DE PROYECTOS.pdf\"}]',0,0,'2023-04-17 11:05:25','2023-04-17 11:05:25',NULL),(283,5,NULL,'RESOLUCIÓN ADMINISTRATIVA DE GOBERNACIÓN N° 33/2023','VIAJE','AUTORIZA VIAJE EN COMISIÓN SR. FERNANDO ARIAS DURAN SECRETARIO GENERAL DE GOBERNACIÓN A OBJETO DE ASISTIR AL AMPLIADO ORDINARIO INTERDEPARTAMENTAL','2023-04-17','2023-03-29','[{\"download_link\":\"publications\\/April2023\\/W5DBCyOqVThQhtzQvBAa.pdf\",\"original_name\":\"RAG  33.pdf\"}]',0,0,'2023-04-17 11:31:35','2023-04-17 11:31:35',NULL),(284,5,NULL,'RESOLUCIÓN ADMINISTRATIVA DE GOBERNACIÓN N° 34/2023','VIAJE','AUTORIZA VIEJE EN COMISIÓN EN FIN DE SEMANA ING. NATHALY DÁVILA ANTEZANA SECRETARIA DEPARTAMENTAL DE OBRAS PUBLICAS A OBJETO DE ASISTIR AL AMPLIADO ORDINARIO INTERDEPARTAMENTAL','2023-04-17','2023-03-20','[{\"download_link\":\"publications\\/April2023\\/R9Tk9fGZIqn3FfG300ix.pdf\",\"original_name\":\"RAG 34.pdf\"}]',0,0,'2023-04-17 11:34:49','2023-04-17 11:34:49',NULL),(285,5,NULL,'RESOLUCIÓN ADMINISTRATIVA DE GOBERNACIÓN N° 35/2023','VIAJE','AUTORIZA VIAJE EN COMISIÓN EN FIN DE SEMANA DR. RITA MARCELA APURANI VACA DIRECTORA DE GABINETE GAD-BENI A OBJETO DE ASISTIR AL AMPLIADO ORDINARIO INTERDEPARTAMENTAL','2023-04-17','2023-03-29','[{\"download_link\":\"publications\\/April2023\\/ciJ3pMrCETsFR8pb6Naq.pdf\",\"original_name\":\"RAG 35.pdf\"}]',0,0,'2023-04-17 11:37:48','2023-04-17 11:37:48',NULL),(286,4,NULL,'RESOLUCIÓN DE GOBERNACIÓN N° 71/2023','PERSONALIDAD','PERSONALIDAD JURÍDICA ASOCIACIÓN GASTRONOMICA \"TARUMA\"','2023-04-17','2023-04-13','[{\"download_link\":\"publications\\/April2023\\/RodJuzc6VTBMkAFuVyn8.pdf\",\"original_name\":\"RG N 71 2023 PERS JUR TARUMA.pdf\"}]',0,0,'2023-04-17 15:25:57','2023-04-17 15:25:57',NULL),(287,4,NULL,'RESOLUCIÓN DE GOBERNACIÓN N° 72/2023','PERSONALIDAD','PERSONALIDAD JURÍDICA ASOCIACIÓN AGROPECUARIA NUEVA MAGDALENA','2023-04-04','2023-04-04','[{\"download_link\":\"publications\\/April2023\\/R0HR59nM1VXxz9K52k77.pdf\",\"original_name\":\"RG N 72 2023 ASOPRONUM.pdf\"}]',0,0,'2023-04-17 15:27:59','2023-04-17 15:27:59',NULL),(288,4,NULL,'OLUCIÓN DE GOBERNACIÓN N° 73/2023','PERSONALIDAD','PERSONALIDAD JURÍDICA ASOCIACIÓN DE PRODUCTORES AGROPECUARIOS EL DUENDE','2023-04-05','2023-04-05','[{\"download_link\":\"publications\\/April2023\\/AFSRRcAh70EUhppabXsB.pdf\",\"original_name\":\"RG N 73 2023 PERS JUR APAD.pdf\"}]',0,0,'2023-04-17 15:29:55','2023-04-17 15:29:55',NULL),(289,4,NULL,'RESOLUCIÓN DE GOBERNACIÓN N° 74/2023','PERSONALIDAD','PERSONALIDAD JURÍDICA ASOCIACIÓN DE COMERCIANTES MINORISTAS 28 DE JUNIO - MUNICIPIO SAN ANDRES PROVINVIA MARBAN','2023-04-06','2023-04-06','[{\"download_link\":\"publications\\/April2023\\/ino4tHxEkPwBM7ue8iq5.pdf\",\"original_name\":\"RG N 74 2023 PERS JUR COMERCIANTES 28 DE JUNIO.pdf\"}]',0,0,'2023-04-17 15:31:59','2023-04-17 15:31:59',NULL),(290,4,NULL,'RESOLUCIÓN DE GOBERNACIÓN N° 75/2023','PERSONALIDAD','PERSONALIDAD JURÍCIDA ASOCIACIÓN DE TRANSPORTE MIXTO \"EL JAGUAR\" TRINIDAD (ATMJT)','2023-04-11','2023-04-11','[{\"download_link\":\"publications\\/April2023\\/WmRa8rQMhaHAZW3gHwUT.pdf\",\"original_name\":\"RG N 75 2023 PERS JUR EL JAGUAR TRINIDAD.pdf\"}]',0,0,'2023-04-17 15:34:11','2023-04-17 15:34:11',NULL),(291,4,NULL,'RESOLUCIÓN DE GOBERNACIÓN N° 78/2023','PERSONALIDAD','PERSONALIDAD JURÍDICA ASOCIACIÓN DE ARTESANOS MIXTO 31 DE AGOSTO','2023-04-13','2023-04-13','[{\"download_link\":\"publications\\/April2023\\/gYGKGkLWsY9vr0Cumoal.pdf\",\"original_name\":\"RG N 78 2023 ARTESANOS MIXTO 31 DE AGOSTO.pdf\"}]',0,0,'2023-04-17 15:35:58','2023-04-17 15:35:58',NULL),(292,5,NULL,'RESOLUCIÓN ADMINISTRATIVA DE GOBERNACIÓN N° 44/2023','MODIFICACIÓN','MODIFICACIÓN PRESUPUESTARIA INTRAINSTITUCIONAL \"SERVICIOS Y PRODUCTOS DE SALUD UNIVERSAL Y GRATUITA SUS\"','2023-04-18','2023-04-12','[{\"download_link\":\"publications\\/April2023\\/7XoIIjxfWwoMi0EzxPCA.pdf\",\"original_name\":\"RAG N 44 2023 MODIF PRES SUS.pdf\"}]',0,0,'2023-04-18 11:02:48','2023-04-18 11:02:48',NULL),(293,1,NULL,'LEY DEPARTAMENTAL N° 003','CULTURA','LEY DE RECONOCIMIENTO A LA GESTA LIBERTARIA INDÍGENA DE MOJOS, EN EL AÑO DEL BICENTENARIO','2010-11-09','2010-11-09','[{\"download_link\":\"publications\\/April2023\\/zG38R4X6JhJiuoOg2vP7.pdf\",\"original_name\":\"LD N 003.pdf\"}]',0,0,'2023-04-20 10:13:55','2023-04-20 10:13:55',NULL),(294,1,NULL,'LEY DEPARTAMENTAL N° 002','POA','LEY DEPARTAMENTAL DEL PRESUPUESTO 2011 DEL GOBIERNO DEPARTAMENTAL AUTÓNOMO DEL BENI','2010-10-16','2010-10-16','[{\"download_link\":\"publications\\/April2023\\/SmsFi141t1NffxbBIbkG.pdf\",\"original_name\":\"LD N 002.pdf\"}]',0,0,'2023-04-20 10:18:15','2023-04-20 10:18:15',NULL),(295,1,NULL,'LEY DEPARTAMENTAL N° 001','AUTORIDADES','LEY TRANSITORIA PARA LA POSESIÓN DE SUBGOBERNADORES Y SUBGOBERNADORAS Y CORREGIDORAS Y CORREJIDORES ELECTAS (OS) DEL DEPARTAMENTO DEL BENI, REGULAR EL PROCESO DE TRANSICIÓN Y ESTABLECER TRANSITORIAMIENTE SUS ATRIBUCIONES','2010-07-08','2010-07-08','[{\"download_link\":\"publications\\/April2023\\/yIs7ACyOkrEWHK3UfgaU.pdf\",\"original_name\":\"LD N 001.pdf\"}]',0,0,'2023-04-20 10:26:36','2023-04-20 10:26:36',NULL),(296,1,NULL,'LEY DEPARTAMENTAL N° 120','IMAGEN','LEY DEPARTAMENTAL QUE INSTITUYE LA IMAGEN INSTITUCIONAL DEL GOBIERNO AUTÓNOMO DEPARTAMENTAL DEL BENI','2023-04-20','2023-04-18','[{\"download_link\":\"publications\\/April2023\\/65VR2VyCUBuQC1d9bDzH.pdf\",\"original_name\":\"L D N 120 LEY DPTAL QUE INSTITUYE LA IMAGEN INSTITUCIONAL DEL GAD BENI.pdf\"}]',0,0,'2023-04-20 10:31:04','2023-04-20 10:31:04',NULL),(297,5,NULL,'RESOLUCIÓN ADMINISTRATIVA DE GOBERNACIÓN N° 019/2023','VIAJE','AUTORIZA VIAJE SRA. SILVIA ESTHER LIMALOBO CÉSPEDES SECRETARIA DEPARTAMENTAL DE DESARROLLO CAMPESINO','2023-03-10','2023-03-09','[{\"download_link\":\"publications\\/April2023\\/dJ5wLjRxqM17WUjeWHxc.pdf\",\"original_name\":\"RG N 019.pdf\"}]',0,0,'2023-04-20 15:22:54','2023-04-20 15:22:54',NULL),(298,4,NULL,'RESOLUCIÓN DE GOBERNACIÓN N° 80/2023','PERSONALIDAD','PERSONALIDAD JURÍDICA ASOCIACIÓN DE COMERCIANTES \"24 DE FEBRERO\" PUENTE SAN PABLO - PROVINCIA MARBAN','2023-04-21','2023-04-18','[{\"download_link\":\"publications\\/April2023\\/vNUD1NvcRNnlKOD0DGXM.pdf\",\"original_name\":\"RG N 80 2023 PERS JUR 24 DE FEBRERO.pdf\"}]',0,0,'2023-04-25 08:53:30','2023-04-25 08:53:30',NULL),(299,5,NULL,'RESOLUCIÓN ADMINISTRATIVA DE GOBERNACIÓN N° 41/2023','MODIFICACIÓN','MODIFICACIÓN PRESUPUESTARIA PROYECTO MEJORAMIENTO GENÉTICO GANADO VACUNO LECHERO SAN CARLITOS PROVINCIA MARBAN','2023-04-21','2023-04-10','[{\"download_link\":\"publications\\/April2023\\/ctsGkPpaSYEmWpTKXqw9.pdf\",\"original_name\":\"RAG N 41 2023 MOD PRES MEJ GEN\\u00c9TICO GANADO VACUNO.pdf\"}]',0,0,'2023-04-25 09:10:42','2023-04-25 09:10:42',NULL),(300,5,NULL,'RESOLUCIÓN ADMINISTRATIVA DE GOBERNACIÓN N° 29/2023','RPA','DESIGNA A WILSON ÁVILA TABORGA DIRECTOR DE GESTIÓN DE RIESGO COMO RPA AUTORIDAD RESPONSABLE DE LOS PROCESOS DE CONTRATACIÓN','2023-03-13','2023-03-13','[{\"download_link\":\"publications\\/April2023\\/sTAwJJQTZ74Athq6fopj.pdf\",\"original_name\":\"RA 29-13-03-2023 RPA COED DEPARTAMENTAL.pdf\"}]',0,0,'2023-04-25 09:34:30','2023-04-25 09:34:30',NULL),(301,5,NULL,'RESOLUCIÓN ADMINISTRATIVA DE GOBERNACIÓN N° 42/2023','MODIFICACIÓN','MODIFICACIÓN PRESUPUESTARIA ADMINISTRACIÓN HOSPITAL MATERNO INFANTIL BOLIVIANO JAPONES','2023-04-21','2023-04-10','[{\"download_link\":\"publications\\/April2023\\/NFhtbmPNIN9jnLUI9XD8.pdf\",\"original_name\":\"RAG N 42 2023 MD PRES HOSP MATERNO INFANTIL.pdf\"}]',0,0,'2023-04-25 09:48:08','2023-04-25 09:48:08',NULL),(302,5,NULL,'RESOLUCIÓN ADMINISTRATIVA DE GOBERNACIÓN N° 50/2023','MODIFICACIÓN','MODIFICACIÓN PRESUPUESTARIA ADMINISTRACIÓN HOSPITAL PRESIDENTE GERMAN BUSCH','2023-04-21','2023-04-13','[{\"download_link\":\"publications\\/April2023\\/MLb6WrsqTijDvfKWqTFO.pdf\",\"original_name\":\"RAG N 50 2023 MOD PRES HOSP GERMAN BUSCH.pdf\"}]',0,0,'2023-04-25 11:14:16','2023-04-25 11:14:16',NULL),(303,5,NULL,'RESOLUCIÓN ADMINISTRATIVA DE GOBERNACIÓN N° 51/2023','MODIFICACIÓN','MODIFICACIÓN PRESUPUESTARIA FORTALECIMIENTO AL SISTEMA DE SEGURIDAD CIUDADANA DEL DPTO. DEL BENI','2023-04-21','2023-04-17','[{\"download_link\":\"publications\\/April2023\\/1fZUrPudz7zsvLSvVqp6.pdf\",\"original_name\":\"RAG N 51 2023 MOD PRES SEGURIDAD CIUDADANA.pdf\"}]',0,0,'2023-04-25 11:32:49','2023-04-25 11:32:49',NULL),(304,5,NULL,'RESOLUCIÓN ADMINISTRATIVA DE GOBERNACIÓN N° 47/2023','MODIFICACIÓN','APROBAR LA MODIFICACIÓN PRESUPUESTARIA PARA EL PROYECTO ELECTRIFICIÓN RURAL DEPARAMENTO DEL BENI','2023-04-13','2023-04-13','[{\"download_link\":\"publications\\/May2023\\/723DcbhoBWnKFnCXSD0Q.pdf\",\"original_name\":\"RAG N 47 2023 MODIF PRES ELECTRIFICACI\\u00d3N RURAL.pdf\"}]',0,0,'2023-05-08 09:53:58','2023-05-24 12:24:08',NULL),(305,5,NULL,'RESOLUCIÓN ADMINISTRATIVA DE GOBERNACIÓN N° 56/2023','MODIFICACIÓN','APROBAR LA  MODIFICACIÓN PRESUPUESTARIA DE SERVICIOS Y PRODUCTOS DE SALUD UNIVERSAL Y GRATUITO - SUS','2023-04-20','2023-04-20','[{\"download_link\":\"publications\\/May2023\\/cXEcsnyUAOeL15AzerGB.pdf\",\"original_name\":\"RAG N 56 2023 MODIF PRES SERVICIOS SALUD.pdf\"}]',0,0,'2023-05-08 10:54:21','2023-05-08 10:54:21',NULL),(306,5,NULL,'RESOLUCIÓN ADMINISTRATIVA DE GOBERNACIÓN N° 58/2023','MODIFICACIÓN','APROBAR LA MODIFICACIÓN PRESUPUESTARIA SISTEMA DE ELECTRIFICACIÓN RURAL COMUNIDAD BERLIN MUNICIPIO DE RIBERALTA','2023-04-21','2023-04-21','[{\"download_link\":\"publications\\/May2023\\/vhvKloz67H3sK0dU7Yok.pdf\",\"original_name\":\"RAG N 58 2023 MODIF PRES ELECTRIFICACI\\u00d3N RURAL RIBERALTA.pdf\"}]',0,0,'2023-05-08 11:43:55','2023-05-08 11:43:55',NULL),(307,5,NULL,'RESOLUCIÓN ADMINISTRATIVA DE GOBERNACIÓN N° 62/2023','MODIFICACIÓN','APROBAR LA MODIFICACIÓN PRESUPUESTARIA DE SERVICIOS Y PRODUCTOS DE SALUD UNIVERSAL Y GRATUITO - SUS','2023-04-28','2023-04-28','[{\"download_link\":\"publications\\/May2023\\/QYOz8qzOMTWKX8uTETQ0.pdf\",\"original_name\":\"RAG N 62 MODIF PRES HOSPITAL GERMAN BUSCH.pdf\"}]',0,0,'2023-05-08 12:17:59','2023-05-08 12:17:59',NULL),(308,4,NULL,'RESOLUCIÓN DE GOBERNACIÓN N° 88/2023','PERSONALIDAD','OTORGA PERSONALIDAD JURÍDICA A CLUB DEPORTIVO \"VILLA REAL SOCIEDAD\" V.R.S.','2023-05-09','2023-05-04','[{\"download_link\":\"publications\\/May2023\\/92eHLZGjuvkcogcI6xCc.pdf\",\"original_name\":\"RG N 88 2023 PERS JUR CLUB VILLA REAL SOCIEDAD.pdf\"}]',0,0,'2023-05-09 11:08:33','2023-05-09 11:08:33',NULL),(309,4,NULL,'RESOLUCIÓN DE GOBERNACIÓN N° 87/2023','PERSONALIDAD','OTORGA PERSONALIDAD JURÍDICA A ASOCIACIÓN DE MOTOCAR MIXTO SOLDADO DESCONOCIDO \"A.M.M.S.D.\"','2023-04-28','2023-04-28','[{\"download_link\":\"publications\\/May2023\\/p15YPp8d2ojJOqEwmkUK.pdf\",\"original_name\":\"RG N 87 2023 PERS JUR ASOC SOLDADO DESCONOCIDO.pdf\"}]',0,0,'2023-05-10 15:58:57','2023-05-10 15:58:57',NULL),(310,5,NULL,'RESOLUCIÓN ADMINISTRATIVA DE GOBERNACIÓN N° 59/2023','MODIFICACIÓN','APROBAR SOLICITUD DE MODIFICACIÓN PRESUPUESTARIA PROGRAMA DE SERVICIO Y PRODUCTOS DE SALUD UNIVERSAL Y GRATUITO - SUS DEL HOSPITAL PRESIDENTE GERMÁN BUSCH','2023-05-11','2023-04-24','[{\"download_link\":\"publications\\/May2023\\/cyF2A9sl0Ljscl9oBoAh.pdf\",\"original_name\":\"RAG N\\u00b0 592 2023 MOD PRES HOSPITAL GERMAN BUSCH.pdf\"}]',0,0,'2023-05-11 14:54:23','2023-05-11 14:54:23',NULL),(311,5,NULL,'RESOLUCIÓN ADMINISTRATIVA DE GOBERNACIÓN N° 13/2023','DELEGA','DELEGA A FREDDY MACHADO FLORES SECRETARIO DEPARTAMENTAL DE ADMINISTRACIÓN Y FINANZAS RPA Y RPC','2023-02-28','2023-02-28','[{\"download_link\":\"publications\\/May2023\\/UJP9NaVrM53XSIaEMAGm.pdf\",\"original_name\":\"RAG N 13.pdf\"}]',0,0,'2023-05-11 15:49:40','2023-05-11 15:49:40',NULL),(312,5,NULL,'RESOLUCIÓN ADMINISTRATIVA DE GOBERNACIÓN N° 66/2023','DELEGA','DELEGA A RONALD GUTIÉRREZ MONTAÑO DIRECTOR DEL HOSPITAL MATERNO INFANTIL - BOLIVIANO JAPONES','2023-05-11','2023-05-03','[{\"download_link\":\"publications\\/May2023\\/nbWXG9kGEQGOgVgVYnfr.pdf\",\"original_name\":\"RAG N 66 2023 DIR HOSPITAL MATERNO.pdf\"}]',0,0,'2023-05-11 15:52:27','2023-05-11 15:52:27',NULL),(313,5,NULL,'RESOLUCIÓN ADMINISTRATIVA DE GOBERNACIÓN N° 27/2023','HORARIO','REGULAR DE MANERA EXCEPCIONAL LA JORNADA LABORAL DE 8 (OCHO) HORAS DIARIAS','2023-03-03','2023-03-03','[{\"download_link\":\"publications\\/May2023\\/RJ8l2yHyZ1gNWuFf3mWa.pdf\",\"original_name\":\"RAG 27  RESOLUCION HORARIO CONTINUO.pdf\"}]',1,0,'2023-05-16 11:34:38','2023-05-16 11:34:38',NULL),(314,5,NULL,'RESOLUCIÓN ADMINISTRATIVA DE GOBERNACIÓN N° 45/2023','VIAJE','AUTORIZA VIAJE AL MAESTRO DE CEREMONIA HARVEY CHÁVEZ SERRATH','2023-04-12','2023-04-12','[{\"download_link\":\"publications\\/May2023\\/gWxJgwbKjjl45gzTrXW9.pdf\",\"original_name\":\"RAG N 45.pdf\"}]',0,0,'2023-05-17 14:35:21','2023-05-17 14:35:21',NULL),(315,3,NULL,'DECRETO DE GOBERNACIÓN N° 05/2023','DESIGNA','DESIGNA A LUIS ALBERTO SUÁREZ VELARDE COMO SECRETARIO DE DESARROLLO HUMANO','2023-05-17','2023-05-15','[{\"download_link\":\"publications\\/May2023\\/L0RZ5ANA1n6KH6atL2ZR.pdf\",\"original_name\":\"DG N\\u00b0 05 DE 15-05-2023 DESIGNACION DEL SECRETARIO DEPARTAMENTAL DE DESARROLLO HUMANO.pdf\"}]',0,0,'2023-05-17 14:37:48','2023-05-17 14:37:48',NULL),(316,3,NULL,'DECRETO DE GOBERNACIÓN N° 06/2023','DESIGNA','DESIGNA A FRANCISCO SALVATIERRA IWANAMI COMO SECRETARIO DEPARTAMENTA DE MEDIO AMBIENTE Y RECURSOS NATURALES','2023-05-15','2023-05-15','[{\"download_link\":\"publications\\/May2023\\/oAk3CpKNAjszx8PlSISX.pdf\",\"original_name\":\"DG N\\u00b0 06 DE 15-05-2023 DESIGNACION DEL SECRETARIO DEPARTAMENTAL DE MEDIO AMBIENTE.pdf\"}]',0,0,'2023-05-17 14:39:39','2023-05-17 14:39:39',NULL),(317,3,NULL,'DECRETO DE GOBERNACIÓN N° 07/2023','DESIGNA','DESIGNA A FRANZ MUÑOZ VIRUEZ COMO SECRETARIO DEPARTAMENTAL DE TRANSPARENCIA Y LUCHA CONTR LA CORRUPCIÓN','2023-05-15','2023-05-15','[{\"download_link\":\"publications\\/May2023\\/HvhLVFuN4IHcQf5ItX7d.pdf\",\"original_name\":\"DG N\\u00b0 07 DE 15-05-2023 DESIGNACION DEL SECRETARIO DEPARTAMENTAL DE TRANSPARENCIA.pdf\"}]',0,0,'2023-05-17 14:41:49','2023-05-17 14:41:49',NULL),(318,5,NULL,'RESOLUCIÓN ADMINISTRATIVA DE GOBERNACION N° 57/2023','MODIFICACIÓN','APROBAR MODIFICACIÓN PRESUPUESTARIA PROYECTO CONSTRUCCIÓN DE INFRAESTRUCTURA DEPORTIVA UNIDAD EDUCATIVA SAN MIGUEL','2023-04-20','2023-04-20','[{\"download_link\":\"publications\\/May2023\\/xqyKNFqLxIyV4sdawrG5.pdf\",\"original_name\":\"RAG N 57 2023 MOD PRES UNID EDUC SAN MIGUEL.pdf\"}]',0,0,'2023-05-19 14:11:52','2023-05-24 12:21:30',NULL),(319,4,NULL,'RESOLUCIÓN DE GOBERNACIÓN N° 95/2023','AUTORIDAD','DECLARA HUÉSPED ILUSTRE DEL DEPTO. DEL BENI A EMBAJADOR DE JAPÓN EN BOLIVIA','2023-05-25','2023-05-16','[{\"download_link\":\"publications\\/May2023\\/uNaXqQDfr9bqEDytTyaT.pdf\",\"original_name\":\"RG 95-16-05-2023 DECLARACI\\u00d3N HUESPED ILUSTRE EMBAJADORA DE JAPON.pdf\"}]',0,0,'2023-05-25 10:45:46','2023-05-25 10:45:46',NULL),(320,4,NULL,'RESOLUCIÓN DE GOBERNACIÓN N° 96/2023','HUÉSPED','DECLARA HUÉSPED ILUSTRE DEL DPTO. DEL BENI A PRIMER SECRETARIO Y JEFE DE LA COOPERACIÓN JAPONESA','2023-05-25','2023-05-16','[{\"download_link\":\"publications\\/May2023\\/zuBoafrXGJmpfvd5ESyk.pdf\",\"original_name\":\"RG 96-16-05-2023 DECLARACI\\u00d3N HUESPED ILUSTRE PRIMER SECRETARIO Y JEFE DE LA COOP JAPONESA.pdf\"}]',0,0,'2023-05-25 10:50:47','2023-05-25 10:50:47',NULL),(321,4,NULL,'RESOLUCIÓN DE GOBERNACIÓN N° 97/2023','DSIGNA','DESIGNA A MARCOS MACHICADO ZURITA EN EL CARGO DE DIRECTOR DEL SERVICIO DEPARTAMENTAL DE SALUD - SEDES BENI','2023-05-25','2023-05-16','[{\"download_link\":\"publications\\/May2023\\/o4KvrEK53P8JK80Nh91S.pdf\",\"original_name\":\"RG 97-17-05-2023 DESIGNACION DIRECTOR SEDES-MARCOS MACHICADO ZURITA.pdf\"}]',1,0,'2023-05-25 10:53:42','2023-05-25 10:53:42',NULL),(322,5,NULL,'RESOLUCIÓN ADMINISTRATIVA DE GOBERNACIÓN N° 40/2023','MODIFICACIÓN','APROBAR MODIFICACIÓN PRESUPUESTARIA INFRAESTRUCTURA DEPORTIVA U.E. VILLA AROMA','2023-04-04','2023-04-04','[{\"download_link\":\"publications\\/May2023\\/lWeaT68klVvaVuWTfLTN.pdf\",\"original_name\":\"RAG N 40 2023.pdf\"}]',0,0,'2023-05-25 11:20:19','2023-05-25 11:20:19',NULL),(323,5,NULL,'RESOLUCIÓN ADMINISTRATIVA DE GOBERNACIÓN N° 48/2023','VIAJE','AUTORIZA VIAJE RESPONSABLE DE PROTOCOLO A EFEMERIDE DE TARIJA','2023-04-13','2023-04-13','[{\"download_link\":\"publications\\/May2023\\/XB29dJ8kNSl0rnQdiGFI.pdf\",\"original_name\":\"RAG N 48.pdf\"}]',0,0,'2023-05-25 11:22:24','2023-05-25 11:25:03',NULL),(324,5,NULL,'RESOLUCIÓN ADMINISTRATIVA DE GOBERNACIÓN N° 49/2023','VIAJE','AUTORIZA VIAJE DEL ASESOR TÉCNICO A EFEMERIDE DE TARIJA','2023-04-13','2023-04-13','[{\"download_link\":\"publications\\/May2023\\/ZdMbxDAaeg5EkShAfNVh.pdf\",\"original_name\":\"RAG N 49.pdf\"}]',0,0,'2023-05-25 11:24:29','2023-05-25 11:25:28',NULL),(325,5,NULL,'RESOLUCIÓN ADMINISTRATIVA DE GOBERNACIÓN N° 57/2023','MODIFICACIÓN','APRUEBA MODIFICACIÓN PRESUPUESTARIA PROYECTO CONSTRUCIÓN DE INFRAESTRUCTURA DEPORTIVA UNIDAD EDUCATIVA SAN MIGUEL','2023-04-20','2023-04-20','[{\"download_link\":\"publications\\/May2023\\/YNM7k66gtgT3fiaRKuFL.pdf\",\"original_name\":\"RAG N 57 2023.pdf\"}]',0,0,'2023-05-25 12:13:09','2023-05-25 12:13:09',NULL),(326,5,NULL,'RESOLUCIÓN ADMINISTRATIVA DE GOBERNACIÓN N° 71/2023','MODIFICACIÓN','APROBAR MODIFICACIÓN PRESUPUESTARIA FORTALECIMIENTO INSTITUCIONAL DEL SEDES BENI','2023-05-22','2023-05-15','[{\"download_link\":\"publications\\/May2023\\/PW4igEN6vg3IcK5EkcMY.pdf\",\"original_name\":\"RAG N 71 2023.pdf\"}]',0,0,'2023-05-25 12:16:43','2023-05-25 12:16:43',NULL),(327,5,NULL,'RESOLUCIÓN ADMINISTRATIVA DE GOBERNACIÓN N° 72/2023','MODIFICACIÓN','APROBAR MODIFICACIÓN PRESUPUESTARIA DE SEDEGES PARA CONTINGENCIAS JUDICIALES Y OTROS','2023-05-22','2023-05-16','[{\"download_link\":\"publications\\/May2023\\/V0e6lgyUlj0MXpkF7Pxl.pdf\",\"original_name\":\"RAG N 72 2023.pdf\"}]',0,0,'2023-05-25 12:19:01','2023-05-25 12:19:01',NULL),(328,4,NULL,'RESOLUCIÓN DE GOBERNACIÓN N° 92/2023','PERSONALIDAD','OTORGA PERSONALIDAD JURIDICA A ASOCIACIÓN DE PRODUCTORES AGROPECUARIOS \"RIO VERDE - APARV\"','2023-05-25','2023-05-11','[{\"download_link\":\"publications\\/May2023\\/KYdUTKx66KtH20HgNwj0.pdf\",\"original_name\":\"RG N 92 2023.pdf\"}]',0,0,'2023-05-25 12:29:42','2023-05-25 12:29:42',NULL),(329,4,NULL,'RESOLUCIÓN DE GOBERNACIÓN N° 94/2023','PERSONALIDAD','OTORGA PERSONALIDAD JURIDICA A ASOCIACIÓN MUNICIPAL DEL DEPORTE ESTUDIANTIL DE FORMACIÓN SANTA ANA (A.M.D.E.F.S.A.)','2023-05-25','2023-05-15','[{\"download_link\":\"publications\\/May2023\\/BqifaMggELyhJvnlWJ6x.pdf\",\"original_name\":\"RG N 94 2023.pdf\"}]',0,0,'2023-05-25 12:32:11','2023-05-25 12:32:11',NULL),(330,5,NULL,'RESOLUCIÓN ADMINISTRATIVA DE GOBERNACIÓN N° 180/2022','DEUDA','REQUIERE A LAS PERSONAS MENCIONADAS REALIZAR LOS PAGOS A FAVOR DEL GAD - BENI','2022-10-05','2022-10-05','[{\"download_link\":\"publications\\/May2023\\/NT4awxKGUCNdXsIGrKzr.pdf\",\"original_name\":\"RAG N 180 DE 26-07-2022 CUENTAS POR COBRAR.pdf\"}]',0,0,'2023-05-25 15:33:33','2023-05-25 15:33:33',NULL),(331,5,NULL,'RESOLUCIÓN ADMINISTRATIVA DE GOBERNACIÓN N° 12/2023','DESIGNA','DESIGNA RPC - RPA FREDDY MACAHADO FLORES','2023-02-28','2023-02-28','[{\"download_link\":\"publications\\/May2023\\/CBQyj6rgsxjEZJSq4l8j.pdf\",\"original_name\":\"RAG N 12.pdf\"}]',0,0,'2023-05-26 09:17:07','2023-05-26 09:17:07',NULL),(333,1,NULL,'LEY DEPARTAMENTAL N° 122','DROGAS','LEY DE PREVENCIÓN INTEGRAL, TRATAMIENTO, REHABILITACIÓN Y REINTEGRACIÓN DE NIÑAS, NIÑOS Y ADOLESCENTES CON PROBLEMAS DE CONSUMO DE ALCOHOL Y DROGAS EN EL DEPARTAMENTO DEL BENI','2023-06-01','2023-06-01','[{\"download_link\":\"publications\\/July2024\\/719xtm1OFfitIGunQbgv.pdf\",\"original_name\":\"LEY N\\u00b0 122 CONSUMO NI\\u00d1OS EN DROGAS  20231122_09333392.pdf\"}]',1,0,'2023-06-01 17:11:08','2024-07-04 09:22:53',NULL),(334,5,NULL,'RESOLUCIÓN ADMINISTRATIVA DE GOBERNACIÓN N° 60/2023','MODIFICACIÓN','MODIFICACIÓN PRESUPUESTARIA CONSTRUCCIÓN SISTEMAS DE AGUA POTABLE DPTO. BENI','2023-04-27','2023-04-27','[{\"download_link\":\"publications\\/June2023\\/lNtoQPgsnualxVaLoqwL.pdf\",\"original_name\":\"RAG N 60 2023 MODIF PRES AGUA POTABLE.pdf\"}]',0,0,'2023-06-09 10:51:52','2023-06-09 10:51:52',NULL),(335,5,NULL,'RESOLUCIÓN ADMINISTRATIVA DE GOBERNACIÓN N° 68/2023','MODIFICACIÓN','MODIFICACIÓN PRESUPUESTARIA MANTENIMIENTO RUTINARIO RED VIAL DPTAL. PROV. CERCADO Y FORTALECIMIENTO INSTITUCIONAL SUB GOBE PROV. CERCADO','2023-05-08','2023-05-08','[{\"download_link\":\"publications\\/June2023\\/Eagq5qzF0gINXmrnyRIZ.pdf\",\"original_name\":\"RAG N 68 2023 MODIF PRES MANTE RED VIAL.pdf\"}]',0,0,'2023-06-09 10:55:20','2023-06-09 10:55:20',NULL),(336,5,NULL,'RESOLUCIÓN ADMINISTRATIVA DE GOBERNACIÓN N° 70/2023','MODIFICACIÓN','MODIFICACIÓN PRESUPUESTARIA PARA EL PROYECTO MEJ. OFICINAS CORREGIMIENTO TRINIDAD MUN. TRINIDAD','2023-05-11','2023-05-11','[{\"download_link\":\"publications\\/June2023\\/g6tR3xwxftDlYxdUt6Qm.pdf\",\"original_name\":\"RAG N 70 2023 MODIF PRES OFICINAS CORREGIMIENTO.pdf\"}]',0,0,'2023-06-09 10:58:06','2023-06-09 10:58:06',NULL),(337,4,NULL,'RESOLUCIÓN DE GOBERNACIÓN N° 90/2023','HUÉSPED','DECLARA HUÉSPED ILUSTRE A EMBAJADORA DE FRANCIA EN BOLIVIA','2023-05-11','2023-05-11','[{\"download_link\":\"publications\\/June2023\\/C717ZF2pOaMlMncCOe4M.pdf\",\"original_name\":\"RG N 90 2023 DE  11-05-2023 DECLARACI\\u00d3N HUESPED ILUSTRE EMBAJADORA DE FRANCIA EN BOLIVIA.pdf\"}]',0,0,'2023-06-13 14:48:21','2023-06-13 14:48:21',NULL),(338,4,NULL,'RESOLUCIÓN DE GOBERNACIÓN N° 104/2023','PERSONALIDAD','PERSONALIDAD JURÍDICA A MOVIMIENTO CIUDADANO SINERGIA BENI','2023-05-25','2023-05-25','[{\"download_link\":\"publications\\/June2023\\/Bkem25jyg7zBWKotK5vM.pdf\",\"original_name\":\"RG N 104 2023 PERS JUR SINERGIA BENI.pdf\"}]',0,0,'2023-06-13 14:50:09','2023-06-13 14:50:09',NULL),(339,4,NULL,'RESOLUCIÓN DE GOBERNACIÓN N° 107/2023','PERSONALIDAD','PERSONALIDAD JURÍDICA DE ASOCIACIÓN MUNICIPAL DE MOTOCICLISMO DE SAN BORJA','2023-05-31','2023-05-31','[{\"download_link\":\"publications\\/June2023\\/ZLbpnplAplB5pyX80ymR.pdf\",\"original_name\":\"RG N 107 2023 PERS JUR MOTOCICLISMO SAN BORJA.pdf\"}]',0,0,'2023-06-13 14:51:51','2023-06-13 14:51:51',NULL),(340,5,NULL,'RESOLUCIÓN ADMINISTRATIVA DE GOBERNACIÓN N° 76/2023','MODIFICACIÓN','APRUEBA ACTUALIZACIÓN DEL COSTO TOTAL DEL PROYECTO \"EQUIPAMIENTO DEL CENTRO DE MONITOREO DE LA UNIDAD DE VIGILANCIA (U.C.V.) EN LA CUIDAD DE TRINIDAD DEL DEPARTAMENTO DEL BENI\"','2023-05-19','2023-05-19','[{\"download_link\":\"publications\\/June2023\\/B8Ax37AZYK10RcMiGusw.pdf\",\"original_name\":\"RAG N 76 DE 19-05-2023 RESOLUCI\\u00d3N ACTUALIZACION DE PRECIOS UNITARIOS.pdf\"}]',0,0,'2023-06-13 14:55:10','2023-06-13 14:55:10',NULL),(341,5,NULL,'RESOLUCIÓN ADMINISTRATIVA DE GOBERNACIÓN N° 86/2023','AUTORIDAD','RPA DE MARCOS MACHICADO ZURITA DIRECTOR SEDES BENI','2023-05-30','2023-05-30','[{\"download_link\":\"publications\\/June2023\\/dCsDkCzrLmHcZWbM6c0S.pdf\",\"original_name\":\"RAG N 86 DE 30-05-2023 DESIGNACION DE RPA DEL DIRECTOR DEL SEDES BENI.pdf\"}]',0,0,'2023-06-13 14:57:28','2023-06-13 14:57:28',NULL),(342,5,NULL,'RESOLUCIÓN ADMINISTRATIVA DE GOBERNACIÓN N° 79/2023','MODIFICACIÓN','MODIFICACIÓN PRESUPUESTARIA APOYO Y FORTALECIMIENTO EDUCACIÓN INTEGRAL Y SUPERIOR DPTO. BENI','2023-05-23','2023-05-23','[{\"download_link\":\"publications\\/June2023\\/zfedXoF97SM2TCpaS0B6.pdf\",\"original_name\":\"RAG N 79 2023 MOD PRES EDUC INTEGRAL.pdf\"}]',0,0,'2023-06-22 09:33:59','2023-06-22 09:33:59',NULL),(343,5,NULL,'RESOLUCIÓN ADMINISTRATIVA DE GOBERNACIÓN N° 81/2023','MODIFICACIÓN','MODIFICACIÓ PRESUPUESTARIA GESTIÓN Y FORTALECIMIENTO DE RECURSOS HUMANOS CON LA FINALIDAD DE CUBRIR GASTOS EN LA PARTIDA DE SERVICIO DE IMPRENTA, FOTOCOPIAS Y FOTOGRAFICOS','2023-05-24','2023-05-24','[{\"download_link\":\"publications\\/June2023\\/pkGJo9mUGzrnrsqjY9B9.pdf\",\"original_name\":\"RAG N 81 2023 MODIF PRES RHH.pdf\"}]',0,0,'2023-06-22 09:38:42','2023-06-22 09:38:42',NULL),(344,5,NULL,'RESOLUCIÓN ADMINISTRATIVA DE GOBERNACIÓN N° 82/2023','MODIFICACIÓN','MODIFICACIÓN PRESUPUESTARIA FORTALECIMIENTO A LA FELCV','2023-05-24','2023-05-24','[{\"download_link\":\"publications\\/June2023\\/kS8hgmXwBXGWPvibambz.pdf\",\"original_name\":\"RAG N 82 2023 MODIF PRES FELC-V.pdf\"}]',0,0,'2023-06-22 09:43:39','2023-06-22 09:43:39',NULL),(345,5,NULL,'RESOLUCIÓN ADMINISTRATIVA DE GOBERNACIÓN N° 84/2023','MODIFICACIÓN','MODIFICACIÓN PRESUPUESTARIA CONST. PUENTE PEDRO IGNACIO MUIBA ENTRE MUN SAN JAVIER Y HUACARAJE','2023-05-30','2023-05-30','[{\"download_link\":\"publications\\/June2023\\/p2YmDnxswS2gFj7SckE9.pdf\",\"original_name\":\"RAG N 84 2023 MODIF PRES PUENTE PEDRO.pdf\"}]',0,0,'2023-06-22 09:46:26','2023-06-22 09:46:26',NULL),(346,5,NULL,'RESOLUCIÓN ADMINISTRATIVA DE GOBERNACIÓN N° 67/2023','MODIFICACIÓN','MODIFICACIÓN PRESUPUESTARIA CONTROL Y FISCALIZACIÓN DE REGALIAS MINERAS - COFIREM DPTO BENI','2023-05-03','2023-05-03','[{\"download_link\":\"publications\\/June2023\\/gvNHNNdiYzFAr744pTHS.pdf\",\"original_name\":\"RAG N 67 2023 MODIF PRES REGALIAS MINERAS.pdf\"}]',0,0,'2023-06-26 11:06:00','2023-06-26 11:06:00',NULL),(347,5,NULL,'RESOLUCIÓN ADMINISTRATIVA DE GOBERNACIÓN N° 69/223','MODIFICACIÓN','MODIFICACIÓN PRESUPUESTARIA REFAC. Y EQUIP. OFICINA DEL CORREGIMIENTO DE SANTA ANA DEL YACUMA','2023-05-10','2023-05-10','[{\"download_link\":\"publications\\/June2023\\/BGTGTVqeVNxI5wQG9umk.pdf\",\"original_name\":\"RAG N 69 2023 MODIF PRES CORRE SANTA ANA.pdf\"}]',0,0,'2023-06-26 11:27:56','2023-06-26 11:27:56',NULL),(348,5,NULL,'RESOLUCIÓN ADMINISTRATIVA DE GOBERNACIÓN N° 77/2023','MODIFICACIÓN','MODIFICACIÓN PRESUPUESTARIA MANTENIMIENTO RUTINARIO RED VIAL DPTAL. PROV. ITENEZ','2023-05-22','2023-05-22','[{\"download_link\":\"publications\\/June2023\\/RAzULyHq9PgR1oDY55un.pdf\",\"original_name\":\"RAG N 77 2023 MODIF PRES.pdf\"}]',0,0,'2023-06-26 11:30:52','2023-06-26 11:30:52',NULL),(349,5,NULL,'RESOLUCIÓN ADMINISTRATIVA DE GOBERNACIÓN N° 78/2023','MODIFICACIÓN','MODIFICACIÓN PRESUPUESTARIA FORTALECIMIENTO A LA GESTIÓN DE LA COMUNICACIÓN E IMAGEN INSTITUCIONAL','2023-05-23','2023-05-23','[{\"download_link\":\"publications\\/June2023\\/Nfbdwb9uYldIMgZfX3uQ.pdf\",\"original_name\":\"RAG N 78 2023 MODIF PRES.pdf\"}]',0,0,'2023-06-26 11:33:22','2023-06-26 11:33:22',NULL),(350,5,NULL,'RESOLUCIÓN ADMINISTRATIVA DE GOBERNACIÓN N° 88/2023','MODIFICACIÓN','MODIFICACIÓN PRESUPUESTARIA CONST. Y EQUIPAMIENTO ECO ALBERGUE TURISTICO COM. AGUAYSAL MUN. SANTA ROSA','2023-06-06','2023-06-06','[{\"download_link\":\"publications\\/June2023\\/1TVNHSmOLwRE4HDL0RDP.pdf\",\"original_name\":\"RAG N 88 2023 MODIF PRES SANTA ROSA.pdf\"}]',0,0,'2023-06-26 11:35:45','2023-06-26 11:35:45',NULL),(351,3,NULL,'DECRETO DE GOBERNACIÓN N° 08/2023','CARGO','DESIGNAR DE MANERA INTERINA A PEDRO MAXIMILIANO VILLALOBOS VARGAS EN EL CARGO DE SECRETARIO DEPARTAMENTAL DE JUSTICIA DEL GAD-BENI','2023-06-28','2023-06-27','[{\"download_link\":\"publications\\/June2023\\/3hxodLCprNsKl8ccEqtz.pdf\",\"original_name\":\"DG N 08 2023 A I PEDRO VILLALOBO.pdf\"}]',0,0,'2023-06-28 18:23:02','2023-06-28 18:37:01',NULL),(352,4,NULL,'RESOLUCIÓN DE GOBERNACIÓN N° 19/2023','APORTE','CARÁCTER EXCEPCIONAL COMO PARTE DE APOYO AL DEPORTE QUE BRINDA EL GAD-BENI Y MIENTRAS DURE EL CLUB LIBERTAD GRAN MAMORÉ SE ESTABLECE EL 5% AL ALQUILER PARA EVENTOS DEPORTIVOS EN LA ACTIVIDAD DE FÚTBOL PROFESIONAL','2023-02-13','2023-02-13','[{\"download_link\":\"publications\\/June2023\\/fDRQSDvAj6W3OTGsvYaM.pdf\",\"original_name\":\"RG N 19 2023 GRAN MAMORE 5 POR CIENTO.pdf\"}]',0,0,'2023-06-28 18:26:53','2023-06-28 18:26:53',NULL),(353,1,NULL,'LEY DEPARTAMENTAL N° 123','FISCAL','LEY DEPARTAMENTAL DE FISCALIZACIÓN LEGISLATIVA Y TRANSPARENCIA INSTITUCIONAL DEL GOBIERNO AUTÓNOMO DEPARTAMENTAL DEL BENI','2023-07-03','2023-06-28','[{\"download_link\":\"publications\\/July2023\\/DbwCWzyZOMtQ3A5hEkCZ.pdf\",\"original_name\":\"LD N 123 FISCALIZACION LEGISLATIVA.pdf\"}]',0,0,'2023-07-03 11:40:09','2023-07-03 11:40:09',NULL),(354,3,NULL,'DECRETO DE GOBERNACIÓN N° 10/2023','DESIGNA','DESIGNA A JOSÉ FERNANDO RIOJA NÚÑEZ EN EL CARGO DE SECRETARIO DEPARTAMENTAL DE JUSTICIA DEL GAD.BENI','2023-07-10','2023-07-10','[{\"download_link\":\"publications\\/July2023\\/3XK5fUidAzuXXggqvVyD.pdf\",\"original_name\":\"DG N 10 2023 DESIGNA SEC JUSTICIA.pdf\"}]',0,0,'2023-07-12 16:15:00','2023-07-25 17:20:53',NULL),(355,5,NULL,'RESOLUCIÓN ADMINISTRATIVA DE GOBERNACIÓN N° 89/2023','MODIFICACIÓN','MODIFICACIÓN PRESUPUESTARIA PROGRAMA DE APOYO A LA PERSONA CON DISCAPACIDAD CON CATEGORÍA PROGRAMÁTICA','2023-06-09','2023-06-09','[{\"download_link\":\"publications\\/July2023\\/tM9j1lGjxWElzIo23EKj.pdf\",\"original_name\":\"RAG N 89 2023 MODIS PRES CODEPEDIS.pdf\"}]',0,0,'2023-07-12 16:17:38','2023-07-12 16:17:38',NULL),(356,5,NULL,'RESOLUCIÓN ADMINISTRATIVA DE GOBERNACIÓN N° 90/2023','MODIFICACIÓN','MODIFICACIÓN PRESUPUESTARIA MANTENIMIENTO RUTINARIO RED VIAL DPTAL. PROV. CERCADO','2023-06-12','2023-06-12','[{\"download_link\":\"publications\\/July2023\\/a8BTt2BKIeGAbqMTowyT.pdf\",\"original_name\":\"RAG N 90 2023 MODIS PRES RED VIAL CERCADO.pdf\"}]',0,0,'2023-07-12 16:19:36','2023-07-12 16:19:36',NULL),(357,2,NULL,'DECRETO DEPARTAMENTAL N° 09/2023','RECURSOS','APROBAR LA DISTRIBUCIÓN DE PRESUPUESTO Y RECURSOS ECONÓMICOS DE INVERSIÓN PÚBLICA','2023-06-30','2023-06-27','[{\"download_link\":\"publications\\/July2023\\/rBFWHteYsE6B4gpAibPd.pdf\",\"original_name\":\"DD N 09 2023 DISTRIBUION DE RECURSOS.pdf\"}]',0,0,'2023-07-25 10:47:11','2023-07-25 10:47:11',NULL),(358,4,NULL,'RESOLUCIÓN DE GOBERNACIÓN N° 117/2023','PERSONALIDAD','PERSONALIDAD JURÍDICA ASOCIACIÓN DE MOTOTAXI DE 2 Y 3 RUEDAS \"PITBULL\"','2023-06-30','2023-06-30','[{\"download_link\":\"publications\\/July2023\\/DqcB0Vs5rwtoVSBlf6JE.pdf\",\"original_name\":\"RG N 117 2023 PERS JUR ASOC MOTO TAXI 2 Y 3 PIRBULL.pdf\"}]',0,0,'2023-07-25 17:29:39','2023-07-25 17:29:39',NULL),(359,4,NULL,'RESOLUCIÓN DE GOBERNACIÓN N° 119/2023','PERSONALIDAD','PERSONALIDAD JURÍDICA SINDICATO MIXTO DE MOTO Y MOTOKR \"12 DE OCTUBRE\"','2023-07-05','2023-07-05','[{\"download_link\":\"publications\\/July2023\\/7IA9CoipsYzFtTc1RItb.pdf\",\"original_name\":\"RG N 119 2023 PERS JUR SIND MOTOKAR 12 DE OCTUBRE.pdf\"}]',0,0,'2023-07-25 17:31:32','2023-07-25 17:31:32',NULL),(360,4,NULL,'RESOLUCIÓN DE GOBERNACIÓN N° 132/2023','PERSONALIDAD','PERSONALIDAD JURÍDICA SINDICATO MIXTO DE MOTO TAXI Y MOTOKAR \"7 DE SEPTIEMBRE\"','2023-07-07','2023-07-07','[{\"download_link\":\"publications\\/July2023\\/J2hTWQGpB9Qngn8tvpsI.pdf\",\"original_name\":\"RG N 132 2023 PERS JUR SIND MISTO MOTOKAR 7 DE SEPTIEMBRE.pdf\"}]',0,0,'2023-07-25 17:37:24','2023-07-25 17:37:24',NULL),(361,4,NULL,'RESOLUCIÓN DGOBERNACIÓN N° 133/2023','PERSONALIDAD','PERSONALIDAD JURÍDICA SINDICATO TERRESTRE MIXTO DE MOTO TAXI, MOTOKAR Y MOTOCARRO DE CARGA LIVIANA Y PASAJEROS \"LA FRONTERA\"','2023-07-07','2023-07-07','[{\"download_link\":\"publications\\/July2023\\/ow5bAXlWPK7bGwGyrney.pdf\",\"original_name\":\"RG N 133 2023 PERS JUR SIND MIXTO MOTO TAXI LA FRONTERA.pdf\"}]',0,0,'2023-07-25 17:39:35','2023-07-25 17:39:35',NULL),(362,5,NULL,'RESOLUCIÓN ADMINISTRATIVA DE GOBERNACIÓN N° 01/2023','COMITE','CONFORMA EL COMITÉ DE SEGUIMIENTO DE CONTROL INTERNO DEL GAD - BENI','2023-07-28','2023-01-16','[{\"download_link\":\"publications\\/July2023\\/4nl1TGo5m6xUWvlCz6qy.pdf\",\"original_name\":\"RAG N 01 2023 COMITE.pdf\"}]',0,0,'2023-07-28 10:26:23','2023-07-28 10:26:23',NULL),(363,2,NULL,'DECRETO DEPARTAMENTAL N° 10/2023','ANIVERSARIO','EMBANDERAMIENTO CON LOS SÍMBOLOS PATRIOS DEL ESTADO PLURINACIONAL DE BOLIVIA, POR CONMEMORAR EL 198 ANIVERSARIO DE LA FUNDACIÓN DE BOLIVIA Y EL DÍA DE LA BANDERA BOLIVIANA','2023-08-01','2023-07-30','[{\"download_link\":\"publications\\/August2023\\/3YWqaMy0qiVJD9aOr4qL.pdf\",\"original_name\":\"DD N 10 2023 EMBANDERAMIENTO.pdf\"}]',0,0,'2023-08-01 18:07:55','2023-08-01 18:07:55',NULL),(364,3,NULL,'DECRETO DE GOBERNACIÓN N° 09/2023','DESIGNA','DESIGNA DE MANERA INTERINA A CARLOS DORIAN LAZO GÓNGORA EN EL CARGO DE SECRETARIO DEPARTAMENTAL DE DESARROLLO AMAZÓNICO','2023-07-06','2023-07-06','[{\"download_link\":\"publications\\/August2023\\/sQ0D7Mih05bQ2XG3Djw8.pdf\",\"original_name\":\"DG N 09 2023 SECRETARIO AMAZ\\u00d3NICO.pdf\"}]',0,0,'2023-08-02 09:36:01','2023-08-02 09:36:01',NULL),(365,3,NULL,'DECRETO DE GOBERNACIÓN N° 11/2023','DESIGNA','DESIGANA DE MANERA INTERINA A LUIS ALBERTO SUÁREZ VELARDE COMO SECRETARIO DEPARTAMENTAL GENERAL DE GOBERNACIÓN','2023-07-24','2023-07-24','[{\"download_link\":\"publications\\/August2023\\/YdLxA0raoZm4E5pOlH3V.pdf\",\"original_name\":\"DG N 11 2023 SEC GENERAL.pdf\"}]',0,0,'2023-08-02 09:38:18','2023-08-02 09:38:18',NULL),(366,5,NULL,'RESOLUCIÓN ADMINISTRATIVA DE GOBERNACIÓN N° 91/2023','MODIFICACIÓN','MODIFICACIÓN PRESUPUESTARIA IMPLEMENTO MODULO PRODUCTIVO POECINA COM. PROV. BALLIVIÁN, MOXOS, MAMORE Y CERCADO','2023-06-13','2023-06-13','[{\"download_link\":\"publications\\/August2023\\/wO4tMTBAu12M9oIuO1q0.pdf\",\"original_name\":\"RAG N 91 2023 M ODIF PRES SEDAG.pdf\"}]',0,0,'2023-08-02 15:15:09','2023-08-02 15:15:09',NULL),(367,5,NULL,'RESOLUCIÓN ADMINISTRATIVA DE GOBERNACIÓN N° 96/2023','MODIFICACIÓN','MODIFICACIÓN PRESUPUESTARIA APOYO Y FORTALECIMIENTO EDUCACIÓN INTEGRAL Y SUPERIOR DPTO. BENI','2023-06-15','2023-06-15','[{\"download_link\":\"publications\\/August2023\\/747pKJ4XfiZTdmEujyHc.pdf\",\"original_name\":\"RAG N 96 2023 MODIF PRES DU Y CULTURA.pdf\"}]',0,0,'2023-08-02 15:17:17','2023-08-02 15:17:17',NULL),(368,5,NULL,'RESOLUCIÓN ADMINISTRATIVA DE GOBERNACIÓN N° 97/2023','MODIFICACIÓN','MODIFICACIÓN PRESUPUESTARIA APOYO OPERATIVO DESARROLLO VIAL BENI','2023-06-15','2023-06-15','[{\"download_link\":\"publications\\/August2023\\/nSWiQLGKjoLRxrlHveuL.pdf\",\"original_name\":\"RAG N 97 2023 MODIF PRES OBRAS P\\u00daBLICAS.pdf\"}]',0,0,'2023-08-02 15:19:26','2023-08-02 15:19:26',NULL),(369,5,NULL,'RESOLUCIÓN ADMINISTRATIVA DE GOBERNACIÓN N° 100/2023','MODIFICACIÓN','MODIFICACIÓN PRESUPUESTARIA PROYECTO EQUIPAMIENTO Y MECANIZACIÓN AGRICOLA EN MUNICIPIO DE SAN JAVIER','2023-06-16','2023-06-16','[{\"download_link\":\"publications\\/August2023\\/vy2ae66UzIEWm9AxUal4.pdf\",\"original_name\":\"RAG N 100 2023 MODIF PRES INTRCULTURALES.pdf\"}]',0,0,'2023-08-02 15:22:59','2023-08-02 15:22:59',NULL),(370,5,NULL,'RESOLUCIÓN ADMINISTRATIVA DE GOBERNACIÓN N° 101/2023','MODIFICACIÓN','MODIFICACIÓN PRESUPUESTARIA APOYO OPERATIVO DESARROLLO VIA BENI PARA EL PAGO DE BONO DE ANTIGUEDAD Y COLATERALES','2023-06-16','2023-06-16','[{\"download_link\":\"publications\\/August2023\\/g8fIrIJiBsVLZc2v4lZE.pdf\",\"original_name\":\"RAG N 101 2023 MODIF PRES OBRAS P\\u00daBLICAS.pdf\"}]',0,0,'2023-08-02 15:27:15','2023-08-02 15:27:15',NULL),(371,5,NULL,'RESOLUCIÓN ADMINISTRATIVA DE GOBERNACIÓN N° 103/2023','MODIFICACIÓN','MODIFICACIÓN PRESUPUESTARIA MEJ. CAMINO TRAMO PUERTO LA GARITA - EMPALME HUACARAJE ITENEZ','2023-06-20','2023-06-20','[{\"download_link\":\"publications\\/August2023\\/H6d7xt1OIasYKSzDkEuZ.pdf\",\"original_name\":\"RAG N 103 2023 MODIF PRES HUACARAJE ITENEZ.pdf\"}]',0,0,'2023-08-02 15:29:49','2023-08-02 15:29:49',NULL),(372,5,NULL,'RESOLUCIÓN ADMINISTRATIVA DE GOBERNACIÓN N° 104/2023','MODIFICACIÓN','MODIFICACIÓN PRESUPUESTARIA IMPLEM. PROGRAMA DE INVERSIÓN PÚBLICA DEL SECTOR AGROPECUARIO DPTO. BENI','2023-06-22','2023-06-22','[{\"download_link\":\"publications\\/August2023\\/JytLSyP23hpnA3CtsktQ.pdf\",\"original_name\":\"RAG N 104 2023 MODIF PRES SEC GENERAL.pdf\"}]',0,0,'2023-08-02 15:39:24','2023-08-02 15:39:24',NULL),(373,5,NULL,'RESOLUCIÓN ADMINISTRATIVA DE GOBERNACIÓN N° 112/2023','MODIFICACIÓN','MODIFICACIÓN PRESUPUESTARIA DEL PROGRAMA FORTALECIMIENTO INSTITUCIONAL SUB GOBE PROV. ITENEZ','2023-07-05','2023-07-05','[{\"download_link\":\"publications\\/August2023\\/5NEOmARbVNnUBZAlMZc7.pdf\",\"original_name\":\"RAG N 112 2023 MODIF PRES SUB GOBE ITENEZ.pdf\"}]',0,0,'2023-08-02 15:42:35','2023-08-02 15:42:35',NULL),(374,5,NULL,'RESOLUCIÓN ADMINISTRATIVA DE GOBERNACIÓN N° 113/2023','MODIFICACIÓN','MODIFICACIÓN PRESUPUESTARIA APOYO Y FORTALECIMIENTO A LA EDUCACIÓN INTEGRAL DEL DPTO. DEL BENI','2023-07-06','2023-07-06','[{\"download_link\":\"publications\\/August2023\\/rvi4yZAZDgqvHb7ulb2M.pdf\",\"original_name\":\"RAG N 113 2023 MODIF PRES DESARROLLO HUMANO.pdf\"}]',0,0,'2023-08-02 15:46:14','2023-08-02 15:46:14',NULL),(375,5,NULL,'RESOLUCIÓN ADMINISTRATIVA DE GOBERNACIÓN N° 114/2023','MODIFICACIÓN','MODIFICACIÓN PRESUPUESTARIA CUMPLIMIENTO A SENTENCIA N°003-2023','2023-07-10','2023-07-10','[{\"download_link\":\"publications\\/August2023\\/MVLHAXjYsL3X7fBFMFZC.pdf\",\"original_name\":\"RAG N 114 2023 MODIF PRES CUMPLE SENTENCIA.pdf\"}]',0,0,'2023-08-02 15:58:27','2023-08-02 15:58:27',NULL),(376,5,NULL,'RESOLUCIÓN ADMINISTRATIVA DE GOBERNACIÓN N° 115/2023','MODIFICACIÓN','MODIFICACIÓN PRESUPUESTARIA PROGRAMA FORTALECIMIENTO SISTEMA DE SEGURIDAD CIUDADANA DEL DPTO. DEL BENI','2023-07-10','2023-07-10','[{\"download_link\":\"publications\\/August2023\\/1QzOEsgqYvODkA9nR7YP.pdf\",\"original_name\":\"RAG N 115 2023 MODIF PRES SEGUR CIUDADANA.pdf\"}]',0,0,'2023-08-02 16:00:40','2023-08-02 16:00:40',NULL),(377,5,NULL,'RESOLUCIÓN ADMINISTRATIVA DE GOBERNACIÓN N° 120/2023','MODIFICACIÓN','MODIFICACIÓN PRESUPUESTARIA PARA SUPERVISIÓN DEL PROYECTO CONSTRUCCIÓN DEFENSIVO RIO BENI - RIO MADRE DE DIOS MUN. RIBERALTA','2023-07-12','2023-07-12','[{\"download_link\":\"publications\\/August2023\\/L9DZ4XMpdZ6QrTzaMRHd.pdf\",\"original_name\":\"RAG N 120 2023 MODIF PRES RIO MADRE DE DIOS.pdf\"}]',0,0,'2023-08-02 16:05:22','2023-08-02 16:05:22',NULL),(378,5,NULL,'RESOLUCIÓN ADMINISTRATIVA DE GOBERNACIÓN N° 123/2023','MODIFICACIÓN','MODIFICACIÓN PRESUPUESTARIA FORTALECIMIENTO AL PROCESO AUTONÓMICO Y GACETA OFICIAL','2023-07-16','2023-07-16','[{\"download_link\":\"publications\\/August2023\\/zVA3uyclKnBNE4mffcrQ.pdf\",\"original_name\":\"RAG N 123 2023 MODIF PRES GACETA OFICIAL.pdf\"}]',0,0,'2023-08-02 16:07:30','2023-08-02 16:07:30',NULL),(379,5,NULL,'RESOLUCIÓN ADMINISTRATIVA DE GOBERNACIÓN N° 127/2023','DESIGNA','DESIGNA AL SERVIDOR PÚBLICO FREDDY MACHADO FLORES COMO RESPONSABLE DE LOS PROCESOS DE CONTRATACIÓN DE LICITACIÓN PÚBLICA (RPC) PARA LA MODALIDAD DE CONTRATACIÓN DIRECTA','2023-08-08','2023-07-27','[{\"download_link\":\"publications\\/August2023\\/YBFGRuxpXhzKLKXUYHwB.pdf\",\"original_name\":\"RAG N 127 2023 RPC SEC FINANFAS.pdf\"}]',0,0,'2023-08-08 08:53:09','2023-08-08 08:53:09',NULL),(380,3,NULL,'DECRETO DE GOBERNACIÓN N° 12/2023','DESIGNA','DESIGNA A JHEISSON JOSSUE SOTOMAYOR COSSIO EN EL CARGO DE SECRETARIO DEPARTAMENTAL DE DESARROLLO AMAZÓNICO','2023-08-02','2023-08-02','[{\"download_link\":\"publications\\/August2023\\/k9JOV5PjgU4F2yuS4nTK.pdf\",\"original_name\":\"DG N 12 2023 DESIGNA SECRE AMAZONICO.pdf\"}]',0,0,'2023-08-22 15:01:06','2023-08-22 15:01:06',NULL),(381,4,NULL,'RESOLUCIÓN DE GOBERNACIÓN N° 76/2023','DIPLOMA','OTORGA DIPLOMA DE RECONOCIMIENTO AL CONCEJO MUNICIPAL DE TARIJA','2023-04-13','2023-04-13','[{\"download_link\":\"publications\\/August2023\\/2XvW0qPNGLILKPiu2Jo1.pdf\",\"original_name\":\"RG N 76 2023 DIPLOMA DE RECONOCIMIENTO.pdf\"}]',0,0,'2023-08-22 15:06:25','2023-08-22 15:06:25',NULL),(382,4,NULL,'RESOLUCIÓN DE GOBERNACIÓN N° 77/2023','DIPLOMA','OTORGA DIPLOMA DE RECONOCIMIENTO A LA ASAMBLE LEGISLATIVA DEPARTAMENTAL DE TARIJA','2023-04-13','2023-04-13','[{\"download_link\":\"publications\\/August2023\\/X0ga4WLxAFoBdA5V1vy2.pdf\",\"original_name\":\"RG N 77 2023 DIPLOMA DE RECONOCIMIENTO.pdf\"}]',0,0,'2023-08-22 15:08:07','2023-08-22 15:08:07',NULL),(383,2,NULL,'DECRETO DEPARTAMENTAL N° 17/2021','REGLAMENTO','APROBAR EL REGLAMENTO ADMINISTRATIVO, TÉCNICO Y LEGAL PARA EL RÉGIMEN DE EXPROPIACIÓN DE PROPIEDADES AGRARIAS RURALES POR CAUSA DE UTILIDAD PÚBLICA POR OBRA DE INTERÉS PÚBLICO EN FAVOR DEL GAD - BENI','2021-11-22','2021-11-22','[{\"download_link\":\"publications\\/October2023\\/JV92dat27f5VGWHUp88x.pdf\",\"original_name\":\"DD N 17 2021 EXPROPIACION20231002_11210326.pdf\"}]',0,0,'2023-10-02 11:56:07','2023-10-02 11:56:07',NULL),(385,2,NULL,'DECRETO DEPARTAMENTAL N° 13/2023','FERIADO','CUMPLIMIENTO LEY DEPARTAMENTAL N° 12/2011, DECRETA FERIADO DEPARTAMENTAL EL DÍA SÁBADO 07 DE OCTUBRE DE 2023.','2023-10-02','2023-10-02','[{\"download_link\":\"publications\\/October2023\\/DMcF6U0B2WFS22yCyR4t.pdf\",\"original_name\":\"DD N 13 2023 FERIADO VIRGEN DE LORETO.pdf\"}]',1,0,'2023-10-05 16:11:19','2023-10-05 16:11:19',NULL),(386,1,NULL,'LEY DEPARTAMENTAL N° 124','MODIFICA','LEY DE MODIFICACIÓN A LA LEY DEPARTAMENTAL N° 99 DE 08 DE MAYO DE 2020, DE LA ORGANIZACIÓN BÁSICA DEL ÓRGANO EJECUTIVO DEL GOBIERNO AUTÓNOMO DEPARTAMENTAL DEL BENI','2023-10-09','2023-10-05','[{\"download_link\":\"publications\\/October2023\\/5OxV99YjcZOA6I8QTvbk.pdf\",\"original_name\":\"LD N 124 MODOFICA LEY 99.pdf\"}]',0,0,'2023-10-10 15:01:24','2023-10-10 15:01:24',NULL),(387,1,NULL,'LEY DEPARTAMENTAL N° 125','POA','LEY DEL PRESUPUESTO PLURIANUAL AJUSTADO (PPA), PLAN OPERATIVO ANUAL (POA) Y PRESUSPUESTO INSTITUCIONAL DEL GOBIERNO AUTÓNOMO DEPARTAMENTAL DEL BENI, GESTIÓN 2024','2023-10-09','2023-10-05','[{\"download_link\":\"publications\\/October2023\\/2Y8hP7o3HP6Xr876zWns.pdf\",\"original_name\":\"LD N 125 POA 2024.pdf\"},{\"download_link\":\"publications\\/October2023\\/yyMcbssjDz0lqIQmrBlb.pdf\",\"original_name\":\"LD N 125 POA 2024.pdf\"}]',0,0,'2023-10-10 15:16:02','2023-10-10 15:18:15',NULL),(388,2,NULL,'DECRETO DEPARTAMENTAL N° 15/2023','EMERGENCIA','DECLARATORIA DE EMERGENCIA DEPARTAMENTAL DEBIDO A CONFIRMACIÓN DE ELEVADOS FOCOS DE CALOR E INCONTROLABLES INCENDIOS FORESTALES Y PASTIZALES','2023-10-23','2023-10-19','[{\"download_link\":\"publications\\/October2023\\/mKinFKHQ5IfqyLMO4xR7.pdf\",\"original_name\":\"DD N 15 2023 DECLARA EMERGENCIA FOCOS CALOR.pdf\"}]',1,0,'2023-10-23 16:12:07','2023-10-23 16:12:07',NULL),(389,2,NULL,'DECRETO DEPARTAMENTAL N° 16/2023','EMBANDERAMIENTO','REGULAR LA ORGANIZACIÓN Y DESARROLLO DE LOS ACTOS CÍVICOS QUE CONMEMORAN A LOS CLXXXI ANIVERSARIO DEL DEPARTAMENTO DEL BENI','2023-11-01','2023-10-31','[{\"download_link\":\"publications\\/November2023\\/rO1PkO4XbTjlpghYDKON.pdf\",\"original_name\":\"DD N 16 2023 REGULA ACTOS ANIVERSARIO BENI.pdf\"}]',1,0,'2023-11-01 10:44:31','2023-11-01 10:44:31',NULL),(390,2,NULL,'DECRETO DEPARTAMENTAL N° 17/2023','FERIADO','CUMPLIMIENTO A LEY DPTAL. N° 003 DE FECHA 09 DE NOVIEMBRE DE 2010, SE DECRETA FERIADO DEPARTAMENTAL EL DÍA VIERNES 10 DE NOVIEMBRE DE 2023','2023-11-06','2023-11-06','[{\"download_link\":\"publications\\/November2023\\/aszn1MbXr9081slTUafk.pdf\",\"original_name\":\"DD N 17 2023 FERIADO PEDRO IGNACIO MUIBA.pdf\"}]',1,0,'2023-11-06 17:54:18','2023-11-06 17:54:18',NULL),(391,3,NULL,'DECRETO DE GOBERNACIÓN N° 13/2023','DESIGNA','DESIGNA DE MANERA INTERINA A ROLANDO IVAN VIRUEZ BALDERRAMA EN EL CARGO DE SECRETARIO DEPARTAMENTAL DE PLANIFICACIÓN Y DESARROLLO ECONÓMICO DEL GAD.BENI','2023-08-23','2023-08-23','[{\"download_link\":\"publications\\/November2023\\/iP6Mlzuq4jCNTj4kHM9v.pdf\",\"original_name\":\"DG N 13 2023 DESIG A I ROLANDO IVAN VIRUEZ.pdf\"}]',0,0,'2023-11-07 10:27:16','2023-11-07 10:27:16',NULL),(392,5,NULL,'RESOLUCIÓN ADMINISTRATIVA DE GOBERNACIÓN N° 129/2023','APROBAR','APROBAR EL PLAN ESTRATÉGICO INSTITUCIONAL (PEI) 2021-2025 DEL GOBIERNO AUTÓNOMO DEPARTAMENTAL DEL BENI','2023-07-28','2023-07-28','[{\"download_link\":\"publications\\/November2023\\/nOSNe30s4ygYFFgo40aw.pdf\",\"original_name\":\"RAG N 129 2023 PEI 2021 A 2025.pdf\"}]',1,0,'2023-11-08 12:20:56','2023-11-08 12:20:56',NULL),(393,2,NULL,'DECRETO DEPARTAMENTAL N° 18/2023','DECLARA','DECLARA \"DESASTRE DEPARTAMENTAL\", POR LA SEQUÍA E INCONTROLABLES INCENDIOS FORESTALES Y PASTIZALES','2023-11-13','2023-11-13','[{\"download_link\":\"publications\\/November2023\\/EkHbGu2elJqoYMUxUJba.pdf\",\"original_name\":\"DD N 18 2023 DECLARA DESASTRE DPTAL.pdf\"}]',1,0,'2023-11-13 16:50:38','2023-11-13 16:50:38',NULL),(394,2,NULL,'DECRETO DEPARTAMENTAL N° 19/2023','FERIADO','CUMPLIMIENTO DE LA LEY N° 21060, EN CONSECUENCIA SE DECRETA FERIADO DEPARTAMENTAL EL DÍA SÁBADO 18 DE NOVIEMBRE DE 2023, POR 181 ANIVERSARIO DEL DPTO. DEL BENI, TOLERANCIA EN LA JORNADA LABORAL EL DÍA VIERNES 17 DE NOVIEMBRE DE 2023, A PARTIR DEL MEDIO DÍA.','2023-11-16','2023-11-16','[{\"download_link\":\"publications\\/November2023\\/Gxm8c7zfuYs0c0nivmpF.pdf\",\"original_name\":\"DD N 19 2023 TOLERANCIA 18 DE NOVIEMBRE.pdf\"}]',1,0,'2023-11-16 12:48:51','2023-11-16 12:48:51',NULL),(395,1,NULL,'LEY DEPARTAMENTAL N° 126','CONTROL','\"LEY DEPARTAMENTAL DE TASAS POR SERVICIOS DE PREVENCIÓN Y CONTROL AMBIENTAL DEL DEPARTAMENTO DEL BENI\"','2023-12-07','2023-11-28','[{\"download_link\":\"publications\\/December2023\\/JZ5yBl5Eb5MvZkYc5vb4.pdf\",\"original_name\":\"LD N 126 DE TASAS Y CONTROL AMBIENTAL.pdf\"}]',0,0,'2023-12-07 16:35:42','2023-12-07 16:35:42',NULL),(396,1,NULL,'LEY DEPARTAMENTAL N° 121','CONVENIOS','LEY DE ACUERDOS Y CONVENIOS INTERGUBERNATIVOS E INTERINSTITUCIONALES Y CONTRATOS DEL GOBIERNO AUTÓNOMO DEPARTAMENTAL DEL BENI','2023-05-05','2023-05-02','[{\"download_link\":\"publications\\/December2023\\/pWwaqgBTpAgYn1jeASga.pdf\",\"original_name\":\"LD N 121 ACUERDOS Y CONVENIOS.pdf\"}]',1,0,'2023-12-12 16:19:44','2023-12-12 16:19:44',NULL),(397,2,NULL,'DECRETO DEPARTAMENTAL N° 14/2023','ESTRUCTURA','APROBAR LA NUEVA ESTRUCTURA ORGANIZACIONAL INTERNA DEL ÓRGANO EJECUTIVO DEL GOBIERNO AUTÓNOMO DEPARTAMENTAL DEL BENI','2023-10-05','2023-10-05','[{\"download_link\":\"publications\\/December2023\\/XDIM6MZahwPSGt2l5ayH.pdf\",\"original_name\":\"DD N 14 2023 NUEVA ESTRUCTURA GAD BENI.pdf\"}]',1,0,'2023-12-15 15:23:46','2023-12-15 15:23:46',NULL),(398,1,NULL,'LEY DEPARTAMENTAL N° 127','TERRITORIO','\"LEY DE APROBACIÓN DEL PLAN TERRITORIAL DE DESARROLLO INTEGRAL (PTDI) PARA VIVIR BIEN DEL DEPARTAMENTO DEL BENI 2021-2025\"','2023-12-20','2023-12-20','[{\"download_link\":\"publications\\/December2023\\/5hvEGuWmkMLBvRuPCXmF.pdf\",\"original_name\":\"LD N 127 APROBAR PTDI 2021 A 2025.pdf\"}]',1,0,'2023-12-20 16:05:47','2023-12-20 16:05:47',NULL),(399,1,NULL,'LEY DEPARTAMENTAL N° 128','PATRIMONIO','LEY DEPARTAMENTAL DE PROMOCIÓN DE LA \"ICHAPEKENE PIESTA\" INASIANUANA O FIESTA GRANDE DE SAN IGNACIO DE MOJOS, PATRIMONIO CULTURAL INMATERIAL DEL ESTADO PLURINACIONAL DE BOLIVIA Y DE LA HUMANIDAD','2023-12-20','2023-12-20','[{\"download_link\":\"publications\\/December2023\\/ZXO2BXASl0DNVZZlAACa.pdf\",\"original_name\":\"LD N 128 FIESTA SAN IGNACIO DE MOJOS.pdf\"}]',1,0,'2023-12-22 11:30:13','2023-12-22 11:30:13',NULL),(400,1,NULL,'LEY DEPARTAMENTAL N° 129','CONDONACIÓN','LEY DEPARTAMENTAL DE REPROGRAMACIÓN DE LOS PRÉSTAMOS Y CONDONACIÓN DE INTERESES PENALES OTORGADO POR EL FONDO NACIONAL DE DESARROLLO REGIONAL A FAVOR DEL PRESTATARIO GOBIERNO AUTÓNOMO DEPARTAMENTAL DEL BENI','2023-12-22','2023-12-22','[{\"download_link\":\"publications\\/December2023\\/L4rv2goEZE1G2wsjc8lI.pdf\",\"original_name\":\"LD N 129 FNDR.pdf\"}]',1,0,'2023-12-22 16:13:01','2023-12-22 16:13:01',NULL),(401,2,NULL,'DECRETO DEPARTAMENTAL N° 12/2023','TRANSPORTE','APRUEBA REGLAMENTO PARCIAL A LA LEY DEPARTAMENTAL N° 030 DE TRANSPORTE MODIFICADA POR LA LEY DEPARTAMENTAL N° 87','2023-09-18','2023-09-18','[{\"download_link\":\"publications\\/February2024\\/8OA7upM9Uno6qkwouKo9.pdf\",\"original_name\":\"DD N 12 2023 REGLAMENTO TRANSPORTE.pdf\"}]',1,0,'2024-02-21 10:10:40','2024-02-21 10:10:40',NULL),(402,3,NULL,'DECRETO DE GOBERNACIÓN N° 01/2024','DESIGNA','RATIFICACIONES, REASIGNACIONES Y DESIGNACIONES DE SECRETRIOS DEPARTAMENTALES DEL GAD BENI','2024-01-12','2024-01-12','[{\"download_link\":\"publications\\/February2024\\/oBfs66qRm69Fh1eb2gnF.pdf\",\"original_name\":\"DG N 01 2024 DESIGNA SECRETARIOS.pdf\"}]',1,0,'2024-02-27 10:47:14','2024-02-27 10:47:14',NULL),(403,3,NULL,'DECRETO DE GOBERNACIÓN N° 02/2024','DESIGNA','DESIGNA A PABLO MAITO MOYE EN EL CARGO DE SECRETARIO DEPARTAMENTAL DE DESAROLLO INDÍGENA DEL GAD BENI','2024-01-19','2024-01-19','[{\"download_link\":\"publications\\/February2024\\/XgaginsNzexJPCjcoWOy.pdf\",\"original_name\":\"DG N 02 2024 DESIGNA PABLO MAITO.pdf\"}]',1,0,'2024-02-27 11:05:06','2024-02-27 11:05:06',NULL),(404,2,NULL,'DECRETO DEPARTAMENTAL N° 03/2024','CENSO','AUTO DE BUEN GOBIERNO CENSO DE POBLACIÓN Y VIVIENDA - 2024','2024-03-14','2024-03-13','[{\"download_link\":\"publications\\/March2024\\/BcRXL02OEy82ir02ODDR.pdf\",\"original_name\":\"DD N 03 2024 AUTO DE BUEN GOBIERNO.pdf\"},{\"download_link\":\"publications\\/March2024\\/mBPeI6Y46stHf5b3Gs9I.pdf\",\"original_name\":\"DD N 03 2024 AUTO DE BUEN GOBIERNO.pdf\"}]',1,0,'2024-03-15 08:51:40','2024-03-15 08:57:12',NULL),(405,2,NULL,'DECRETO DEPARTAMENTAL N° 01/2024','ESTRUCTURA','FORTALECER EL NORTE AMAZÓNICO DEL DEPARTAMENTO DEL BENI','2024-02-03','2024-02-03','[{\"download_link\":\"publications\\/March2024\\/21rVk2nkcfwIrceEmMdX.pdf\",\"original_name\":\"DD N 01 2024 FORTALECER NORTE AMAZONICO.pdf\"}]',1,0,'2024-03-20 09:16:58','2024-03-20 09:16:58',NULL),(406,1,NULL,'LEY DEPARTAMENTAL N° 130','SALUD','LEY DEPARTAMETAL DE CREACIÓN DEL SERVICIO REGIONAL AMAZÓNICO DE SALUD (SEREAS) , PARA LA DESCENTRALIZACIÓN DEL SISTEMA DE SALUD EN LA PROVINCIA VACA DÍEZ','2024-03-21','2024-03-20','[{\"download_link\":\"publications\\/March2024\\/Bbh9WKnAO930zmRPkn8i.pdf\",\"original_name\":\"LD N 130 SEREAS.pdf\"}]',1,0,'2024-03-21 10:49:15','2024-03-21 10:49:15',NULL),(407,2,NULL,'DECRETO DEPARTAMENTAL N° 04/2024','CONTROL','AUTO DE BUEN GOBIERNO POR SEMANA SANTA','2024-03-22','2024-03-21','[{\"download_link\":\"publications\\/March2024\\/waDVKRs9zdc4v63uYTyF.pdf\",\"original_name\":\"D N 04 2024 AUTO DE BUEN GOBIERNO SEMANA SANTA.pdf\"}]',1,0,'2024-03-22 11:52:01','2024-03-22 11:52:01',NULL),(408,1,NULL,'LEY DEPARTAMENTAL N° 131','SIMBOLOS','\"LEY DEPARTAMENTAL DE SÍMBOLOS DE LA PROVINCIA CERCADO\"','2024-03-22','2024-03-22','[{\"download_link\":\"publications\\/March2024\\/2aR4dqlS5lEVX8ZSAoUE.pdf\",\"original_name\":\"LEY N 131 SIMBOLOS PROV CERCADO.pdf\"}]',1,0,'2024-03-26 16:15:25','2024-03-26 16:15:25',NULL),(409,1,NULL,'LEY DEPARTAMENTAL N° 132','PATRIMONIO','LEY DEPARTAMENTAL DE DECLARATORIA COMO PATRIMONIO CULTURAL MATERIAL E INMATERIAL DEL DEPARTAMENTO DEL BENI AL GRAN CABILDO INDIGENAL DE SAN IGNACIO DE MOJOS','2024-03-28','2024-03-27','[{\"download_link\":\"publications\\/July2024\\/alPVFu54FDy3qRXE67Eg.pdf\",\"original_name\":\"LEY N 132 AL GRAN CABILDO INDIGENAL MOJOS.pdf\"}]',1,0,'2024-03-28 12:55:31','2024-07-03 09:34:08',NULL),(410,2,NULL,'DECRETO DEPARTAMENTAL N° 019/2021','REGLAMENTO','DECRETA REGLAMENTO A LA LEY DEPARTAMENTAL N° 47 DEL SISTEMA DE ADMINISTRACIÓN DE REGALIAS MINERAS','2021-12-16','2021-12-16','[{\"download_link\":\"publications\\/April2024\\/hRVJ3iUDp14UIzdeMVjh.pdf\",\"original_name\":\"DD N\\u00b0 19 2021 APROBAR REGLAMENTO MINERIA  20240402_15222912.pdf\"}]',1,0,'2024-04-02 15:28:35','2024-04-02 15:28:35',NULL),(411,2,NULL,'DECRETO DEPARATMENTAL N° 20/2023','DESIGNA','PRIMERA DAMA DEL DEPARTAMENTO','2023-11-20','2023-11-20','[{\"download_link\":\"publications\\/April2024\\/YPOyNNzFOiMQ7LkNFoE5.pdf\",\"original_name\":\"DD N  20 2023 PRIMERA DAMA.pdf\"}]',1,0,'2024-04-05 16:20:44','2024-04-05 16:20:44',NULL),(412,1,NULL,'LEY DEPARTAMENTAL N° 133','DESARROLLO','LEY DE PROMOCIÓN DEL DESARROLLO INTEGRAL DEL TERRITORIO INDÍGENA PARQUE NACIONAL ISIBORO SÉCURE - TIPNIS','2024-04-05','2024-04-03','[{\"download_link\":\"publications\\/April2024\\/GyzDWJlrVNzUa7JKSPcT.pdf\",\"original_name\":\"LD N 133 TIPNIS.pdf\"}]',0,0,'2024-04-05 16:53:43','2024-04-05 16:53:43',NULL),(413,3,NULL,'DECRETO DE GOBERNACIÓN N° 04/2024','DESIGNA','PROMOCIONAR A RENÉ ALEJANDRO MELGAR SUÁREZ EN EL CARGO DE SECRETARIO DEPARTAMENTAL DE OBRAS PÚBLICAS Y SERVICIOS DEL GAD BENI','2024-04-11','2024-04-09','[{\"download_link\":\"publications\\/April2024\\/1pGrGVAwfEdQo3xMZdby.pdf\",\"original_name\":\"DG N 04 2024 DESIGANA SEC OBRAS PUBLICAS.pdf\"}]',1,0,'2024-04-11 15:01:12','2024-04-11 15:01:12',NULL),(414,3,NULL,'DECRETO DE GOBERNACIÓN N° 03/2024','DESIGNA','PROMOCIONA A CLAUDIA VARGAS EN EL CARGO DE SECRETARIA DEPARTAMENTAL DE ADMINISTRACIÓN Y FINANZAS DEL GAD BENI','2024-04-12','2024-04-09','[{\"download_link\":\"publications\\/April2024\\/evS9zBvslTpW8T76SafP.pdf\",\"original_name\":\"DG N 03 2024 DESIGNA SEC FINANZAS.pdf\"}]',0,0,'2024-04-15 10:27:43','2024-04-15 10:27:43',NULL),(415,2,NULL,'DECRETO DEPARTAMENTAL N° 05/2024','DUELO','SE DECLARA DUELO DEPARTAMENTAL POR NUEVE (09) DÍAS, EN MEMORIA Y AGRADECIMIENTO DE QUIEN EN VIDA FUE FRAY JOSÉ MANUEL BARRIO FERNÁNDEZ','2024-04-15','2024-04-15','[{\"download_link\":\"publications\\/April2024\\/ZzQiK4fkOhMJiMu3FLqs.pdf\",\"original_name\":\"DD N 05 2024 FRAY JOSE MANUEL BARRIOS.pdf\"}]',1,0,'2024-04-15 15:05:01','2024-04-15 15:05:01',NULL),(416,2,NULL,'DECRETO DEPARTAMENTAL N° 06/2024','TASAS','\"REGLAMENTO DE LA LEY DEPARTAMENTAL DE TASAS POR SERVICIOS DE PREVENCIÓN Y CONTROL AMBIENTAL DEL DEPARTAMENTO DEL BENI\"','2024-05-13','2024-05-02','[{\"download_link\":\"publications\\/May2024\\/OcMpjXSxNkvRjU1T7QWd.pdf\",\"original_name\":\"DD N 06 2024 REGLAMENTO TASAS.pdf\"}]',0,0,'2024-05-13 16:03:33','2024-05-13 16:03:33',NULL),(417,1,NULL,'LEY DEPARTAMENTAL N° 134','TERRTITORIO','LEY DEPARTAMENTAL QUE DECLARA DE UTILIDAD Y NECESIDAD PÚBLICA LA EXPROPIACIÓN A TÍTULO GRATUITO DE UNA FRACCIÓN DE LA PROPIEDAD DE LA COMUNIDAD CAMPESINA CASARABE, MUNICIPIO DE TRINIDAD, PROVINCIA CERCADO DEL DEPARTAMENTO DEL BENI','2024-05-13','2024-05-04','[{\"download_link\":\"publications\\/May2024\\/UDtOdXgoNo3lnsvyenNp.pdf\",\"original_name\":\"LEY N 134 EXPROPIACION CASARABE.pdf\"}]',0,0,'2024-05-15 09:25:57','2024-05-15 09:25:57',NULL),(418,3,NULL,'DECRETO DE GOBERNACIÓN N° 05/2024','DESIGNA','DESIGNA DE MANERA INTERINA A FRANZ LEONARDO CHÁVEZ RODRÍGUEZ EN EL CARGO DE SECRETARIO DEPARTAMENTAL DE DESARROLLO PRODUCTIVO, RECURSOS NATURALES Y MEDIO AMBIENTE','2024-05-28','2024-05-28','[{\"download_link\":\"publications\\/May2024\\/PnXfv2HJaLNh35Sp7TZR.pdf\",\"original_name\":\"DG N 05 2024 INTERINO FRANZ CHAVEZ RODRIGUEZ.pdf\"}]',0,0,'2024-05-28 16:14:40','2024-05-28 16:14:40',NULL),(419,2,NULL,'DECRETO DEPARTAMENTAL N° 09/2024','DESASTRE','DECLARATORIA DE DESASTRE DEPARTAMENTAL, \"SITUACIÓN DE DESASTRE POR DERRUMBE DEL PUENTE RAPULO EN EL MUNICIPIO DE SANTA ANA DEL YACUMA\"','2024-06-20','2024-06-11','[{\"download_link\":\"publications\\/June2024\\/ZmrcvpYF7uhdoLzDli4e.pdf\",\"original_name\":\"DD N 09 2024 DECLARA DESASTRE DPTAL.pdf\"}]',1,0,'2024-06-20 18:05:28','2024-06-20 18:05:28',NULL),(420,2,NULL,'DECRETO DEPARTAMENTAL N° 07/2024','APROBAR','APROBACIÓN QUE TIENE POR OBJETO REGLAMENTAR LA LEY DEPARTAMENTAL N° 130 DE CREACIÓN DEL SERVICIO REGIONAL AMAZÓNICO DE SALUD (SEREAS)','2024-05-16','2024-05-16','[{\"download_link\":\"publications\\/July2024\\/rz0LZGl3eNKIeonjCI5L.pdf\",\"original_name\":\"DD N 07 2024 SEREAS.pdf\"}]',1,0,'2024-06-24 13:44:24','2024-07-19 10:16:00',NULL),(421,1,NULL,'LEY DEPARTAMENTAL N° 135','LIBROS','LEY DEPARTAMENTAL DE FOMENTO A LA LECTURA, PUBLICACION Y DIFUSION DE LIBROS SOBRE EL DEPARTAMENTO DEL BENI','2024-06-27','2024-06-27','[{\"download_link\":\"publications\\/June2024\\/0RJEnSbKaWgPHEHWWZbK.pdf\",\"original_name\":\"LEY N 135 FOMENTO A LA LECTURA.pdf\"}]',1,0,'2024-06-27 17:35:14','2024-06-27 17:35:14',NULL),(422,4,NULL,'RESOLUCIÓN DE GOBERNACIÓN N° 131/2021','APROBAR','APRUEBA EL MANUAL DE FUNCIONES DEL GAD BENI','2021-11-24','2021-11-24','[{\"download_link\":\"publications\\/July2024\\/n6xbFzO2WDuFnPoWYHmx.pdf\",\"original_name\":\"RG N\\u00b0 131 DE 24-11-21 MANUAL DE FUNCIONES DEL GADB.pdf\"}]',1,0,'2024-07-09 17:04:19','2024-07-09 17:04:19',NULL),(423,2,NULL,'DECRETO DEPARTAMENTAL N° 02/2024','MODIFICA','EFECTUA MODIFICACIONES E INCORPORACIONES AL DECRETO DEPARTAMENTAL N° 04/2022 DE FECHA 16 DE FEBRERO DE 2022, ARTICULO 4° PARAGRAFO I DEL ARTICULO 8° Y PARAGRAFO III DEL ARTICULO 10.','2024-02-21','2024-02-21','[{\"download_link\":\"publications\\/September2024\\/sr8oHZWyeweia92brdrN.pdf\",\"original_name\":\"DD N 02 2024 MODIFICA DD 04 2022 ESTACIONES DE COBRO   20240715_14471606.pdf\"}]',1,0,'2024-07-15 15:22:37','2024-09-18 15:58:59',NULL),(424,3,NULL,'DECRETO DE GOBERNACION N° 06/2024','DESIGNA','TRANSFERENCIA LUIS ALBERTO SUÁREZ VELARDE SECRETARIO DEPARTAMENTAL DE PLANIFICACIÓN INTEGRAL PARA EL DESARROLLO DEL GAD BENI','2024-07-18','2024-07-18','[{\"download_link\":\"publications\\/August2024\\/m1gEoMmf5ZGUc3sHt4MR.pdf\",\"original_name\":\"DG N 06 2024 TRANFERENCIA LUIS ALBERTO SUAREZ VELARDE20240724_12172870.pdf\"}]',0,0,'2024-08-02 09:35:10','2024-08-02 09:35:10',NULL),(425,3,NULL,'DECRETO DE GOBERNACION N° 07/2024','DESIGNA','TRANSFERENCIA PEDRO MAXIMILIANO VILLALOBOS VARGAS SECRETARIO GENERAL Y DESARROLLO HUMANO DEL GAD BENI','2024-07-18','2024-07-18','[{\"download_link\":\"publications\\/August2024\\/719UAiYtE24se01tTRU2.pdf\",\"original_name\":\"DG N 07 2024 TRANFERENCIA PEDRO VILLALOBOS  VARGAS20240724_12150785.pdf\"}]',0,0,'2024-08-02 09:37:28','2024-08-02 09:37:28',NULL),(426,2,NULL,'DECRETO DEPARTAMENTAL N° 10/2024','EMERGENCIA','DECLARATORIA DE EMERGENCIA DEPARTAMENTAL POR SEQUÍA E INCENDIOS FORESTALES Y PASTIZALES','2024-08-05','2024-08-05','[{\"download_link\":\"publications\\/August2024\\/ZVABjxvli6rVFgDyAYgc.pdf\",\"original_name\":\"DD N 10 2024 EMERGENCIA INCENDIOS.pdf\"}]',1,0,'2024-08-30 10:19:16','2024-08-30 10:19:16',NULL),(427,2,NULL,'DECRETO DEPARTAMENTAL N° 11/2024','MODIFICA','MODIFICATORIO PARCIAL AL DECRETO DEPARTAMENTAL N° 19/2023 \"REGLAMENTO A LA LEY DEPARTAMENTAL N° 108 DE ALIANZAS PÚBLICO PRIVADAS EN EL DEPARTAMENTO DEL BENI\"','2024-08-07','2024-08-07','[{\"download_link\":\"publications\\/August2024\\/MPt48C1EW2i6zVqbV6Yj.pdf\",\"original_name\":\"DD N 11 2024 MODIFICA DD 19 2022 DE LE N 108.pdf\"}]',1,0,'2024-08-30 15:26:16','2024-08-30 15:26:16',NULL),(428,3,NULL,'DECRETO DE GOBERNACION N° 08/2024','DESIGNA','PROMOCIONA A CARLOS ALBERTO LUJAN GUZMÁN EN EL CARGO DE SECRETARIO DEPARTAMENTAL DE JUSTICIA DEL GAD BENI','2024-08-01','2024-08-01','[{\"download_link\":\"publications\\/August2024\\/xTwclezTnxwwplUsKn7Y.pdf\",\"original_name\":\"DG N 08 SECRE JUSTICIA.pdf\"}]',0,0,'2024-08-30 15:34:02','2024-08-30 15:34:02',NULL),(429,2,NULL,'DECRETO DEPARTAMEBNTAL N° 12/2024','CREAR','CREAR EL ECOALBERGUE TURÍSTICO \"AGUAYSAL\"','2024-08-23','2024-08-23','[{\"download_link\":\"publications\\/September2024\\/033Ve2aSwrcPpDogaMLK.pdf\",\"original_name\":\"DD N 12 2024 AGUAYSAL.pdf\"}]',1,0,'2024-09-02 11:27:51','2024-09-02 11:27:51',NULL),(430,2,NULL,'DECRETO DEPARTAMENTAL N° 13/2024','DESASTRE','DECLARATORIA DE SITUACIÓN DE DESASTRE DEPARTAMENTAL POR SEQUÍA E INCENDIOS FORESTALES Y PASTIZALES','2024-09-10','2024-09-06','[{\"download_link\":\"publications\\/September2024\\/9IXAnNw3RzzUPCd9yphT.pdf\",\"original_name\":\"DD N 13 2024 DECLARA DESASTRE DPTAL.pdf\"}]',1,0,'2024-09-10 14:55:04','2024-09-10 14:55:04',NULL),(431,1,NULL,'LEY DEPARTAMENTAL N° 136','ESTRUCTURA','LEY DE MODIFICACIÓN A LA LEY DEPARTAMENTAL N° 124 DE FECHA 05 DE OCTUBRE DE 2023, DE LA ORGANIZACIÓN BÁSICA DEL ÓRGANO EJECUTIVO DEL GOBIERNO AUTÓNOMO DEPARTAMENTAL DEL BENI','2024-09-13','2024-09-13','[{\"download_link\":\"publications\\/September2024\\/Nd1RzusS5O8C7z2BSjDB.pdf\",\"original_name\":\"LEY N 136 MODIFICA LEY N 124.pdf\"}]',1,0,'2024-09-14 16:02:27','2024-09-14 16:02:27',NULL),(432,2,NULL,'DECRETO DEPARTAMENTAL N° 14/2024','ESTRUCTURA','APROBAR LA NUEVA ESTRUCTURA ORGANIZACIONAL INTERNA DEL GAD BENI','2024-09-13','2024-09-13','[{\"download_link\":\"publications\\/September2024\\/yqhP48RouL3SBO7ycUWf.pdf\",\"original_name\":\"DD N 14 ESTRUCTURA ACTUAL.pdf\"}]',0,0,'2024-09-16 16:21:08','2024-09-16 16:21:08',NULL),(433,1,NULL,'LEY DEPARTAMENTAL N° 137','POA','LEY DEL PRESUPUESTO PLURIANUAL AJUSTADO, PLAN OPERATIVO ANUAL (POA) Y PRESUPUESTO INSTITUCIONAL DEL GOBIERNO AUTÓNOMO DEPARTAMENTAL DEL BENI, GESTIÓN 2025','2024-09-16','2024-09-16','[{\"download_link\":\"publications\\/September2024\\/M2DxNlKmAtPjHIVzMTS3.pdf\",\"original_name\":\"LEY N 137 POA 2025.pdf\"}]',0,0,'2024-09-16 16:28:27','2024-09-16 16:29:39',NULL),(434,2,NULL,'DECRETO DEPARTAMENTAL N° 15/2024','FERIADO','CUMPLIMIENTO LEY DPTAL. 012/2011 DE 04 DE OCTUBRE DE 2011, DECRETA FERIADO DEPARTAMENTAL LUNES 07 DE OCTUBRE DE 2024','2024-09-30','2024-09-30','[{\"download_link\":\"publications\\/September2024\\/p52vUsESVjdnTgfjps59.pdf\",\"original_name\":\"DD N 15 2024 LAGRIMAS DE LORETO.pdf\"}]',1,0,'2024-09-30 15:34:08','2024-09-30 15:34:08',NULL),(435,2,NULL,'DECRETO DEPARTAMENTAL N° 17/2024','FERIADO','FERIADO DEPARTAMENTAL 10 DE NOVIEMBRE GESTA LIBERTARIA PEDRO IGNACIO MUIBA','2024-10-31','2024-10-28','[{\"download_link\":\"publications\\/November2024\\/wTXS4owC2gThGiS3FrkJ.pdf\",\"original_name\":\"DD N 17 2024 FERIADO PEDRO IGNACIO MUIBA.pdf\"}]',1,0,'2024-10-31 17:27:38','2024-11-06 10:07:50',NULL),(436,2,NULL,'DECRETO DEPARTAMENTAL N° 18/2024','FERIADO','FERIADO DEPARTAMENTAL 18 DE NOVIEMBRE 182 ANIVERSARIO DEL BENI','2024-10-31','2024-10-30','[{\"download_link\":\"publications\\/October2024\\/vIaTnZFpYUQ9GTPGPJ0E.pdf\",\"original_name\":\"DD N 18 2024 FERIADO 18 DE NOVIEMBRE.pdf\"}]',1,0,'2024-10-31 17:30:29','2024-10-31 17:30:29',NULL),(437,2,NULL,'DECRETO DEPARTAMENTAL N° 19/2024','PROHIBICION','PROHIBIDO PINTAR LOS ESCENARIOS DEPORTIVOS CON COLORES DE PARTIDOS POLÍTICOS','2024-10-31','2024-10-30','[{\"download_link\":\"publications\\/October2024\\/1epdIa9haM4voOk09U70.pdf\",\"original_name\":\"DD N 19 2024 PROHIBIDO PINTAR CANCHAS DEPORTIVAS.pdf\"}]',1,0,'2024-10-31 17:33:14','2024-10-31 17:33:14',NULL),(438,6,NULL,'CONVENIO INTERINSTITUCIONAL','COORDINACION','SUSCRITO ENTRE EL GAD BENI Y LA UAB \"JOSÉ BALLIVIÁN\"','2023-05-16','2023-05-16','[{\"download_link\":\"publications\\/November2024\\/GawgLZNdoTJ5Gs9tALWj.pdf\",\"original_name\":\"CONVENIO CON LA UAB 2023 20230213_11320734.pdf\"}]',1,0,'2024-11-21 10:23:22','2024-11-21 10:23:22',NULL),(440,2,NULL,'DECRETO DEPARTAMENTAL N° 20/2024','TERRITORIO','PONER EN VALOR EL ADECUADO USO DEL \"MAPA DE LOS DERECHOS HISTÓRICOS DEL DEPARTAMENTO DEL BENI\"','2024-11-14','2024-10-30','[{\"download_link\":\"publications\\/November2024\\/Xu91AEVxV1dSaalfg1sT.pdf\",\"original_name\":\"DD N 20 2024 MAPA HIST\\u00d3RICO DERECHOS DEL BENI   20241120.pdf\"}]',1,0,'2024-11-21 10:49:26','2024-11-21 10:49:26',NULL),(441,6,NULL,'CONVENIO INTERINSTITUCIONAL','CONSERVACIÓN','CARTA DE INTENCIONES ENTRE EL GAD BENI ACEAA','2024-11-25','2023-03-16','[{\"download_link\":\"publications\\/November2024\\/6tQ137oEsdO6knGBt4fw.pdf\",\"original_name\":\"CONVENIO GAD ONG ACEAA 2023 0324_10555236.pdf\"}]',0,0,'2024-11-25 14:25:39','2024-11-25 14:25:39',NULL),(442,6,NULL,'CONVENIO INTERINTITUCIONAL','COOPERACIÓN','ENTRE EL GAD BENI Y WWF OFICINA DE BOLIVIA','2024-11-25','2023-11-16','[{\"download_link\":\"publications\\/November2024\\/kuux21z0rbx7Kl8PmMkw.pdf\",\"original_name\":\"MEMORANDUM 2023 WWF Y GAD BENI   20231122_14395505.pdf\"}]',0,0,'2024-11-25 14:37:22','2024-11-25 14:37:22',NULL),(443,6,NULL,'CONVENIO INTERGUBERNATIVO','CULTIVOS','ALIANZA PARA CULTIVO DE MAIZ Y TRIGO','2024-11-25','2023-08-23','[{\"download_link\":\"publications\\/November2024\\/TNEn8KmgOu6nvABsdLFu.pdf\",\"original_name\":\"CONVENIO EMAPA  UAL  CI  01 2023  20230918_10095000.pdf\"}]',0,0,'2024-11-25 14:44:50','2024-11-25 14:44:50',NULL),(444,2,NULL,'DECRETO DEPARTAMENTAL N° 21/2024','HIMNO','UNIFICACIÓN DEL HIMNO AL DEPARTAMENTO DEL BENI','2024-12-04','2024-11-16','[{\"download_link\":\"publications\\/December2024\\/s1zrDrnVRCTM6Q0pHlHI.pdf\",\"original_name\":\"DD N 21 2024 UNIFICACI\\u00d3N HIMNO AL BENI20241204.pdf\"}]',1,0,'2024-12-04 14:56:31','2024-12-04 14:56:31',NULL),(445,1,NULL,'LEY DEPARTAMENTAL N° 138','INDUSTRIA','LEY DE NECESIDAD DE CREACIÓN DEL PARQUE INDUSTRIAL SOSTENIBLE DE PUENTE SAN PABLO EN EL DEPARTAMENTO DEL BENI','2024-12-04','2024-12-04','[{\"download_link\":\"publications\\/December2024\\/A8x1FVmOd4bc5EwLzMQi.pdf\",\"original_name\":\"LEY N 138 PARQUE INDUSTRIAL.pdf\"}]',1,0,'2024-12-05 10:31:37','2024-12-05 10:31:37',NULL),(446,2,NULL,'DECRETO DEPARTAMENTAL N° 22/2024','ELECCIONES','AUTO DE BUEN GOBIERNO ELECCIONES DE AUTORIDADES DEL ÓRGANO JUDICIAL Y DEL TRIBUNAL CONSTITUCIONAL PLURINACIONAL','2024-12-06','2024-12-04','[{\"download_link\":\"publications\\/December2024\\/mrcriKO06KIjFwlJ3Zif.pdf\",\"original_name\":\"DD N 22 2024 AUTO DE BUEN GOBIERNO ELECCIONES JUDICIALES    20241206.pdf\"}]',1,0,'2024-12-06 13:42:53','2024-12-06 13:42:53',NULL),(447,3,NULL,'DECRETO DE GOBERNACIO N° 12/2024','DESIGNA','DESIGNA SECRETARIO DEPARTAMENTAL DE JUSTICIA A PEDRO MAXIMILIANO VILLALOBOS VARGAS','2024-12-10','2024-12-03','[{\"download_link\":\"publications\\/December2024\\/m95prk21vPEBjyHJkxMy.pdf\",\"original_name\":\"DG N 12 2024 DESIGANA SECRE JUSTICIA PEDRO V V   20241210.pdf\"}]',0,0,'2024-12-10 10:19:27','2024-12-10 10:19:27',NULL),(448,2,NULL,'DECRETO DEPARTAMENTAL N° 23/2024','DUELO','DUELO DEPARTAMENTAL POR TRES DÍAS EN MEMORIA DEL DR. ELOY ÁVILA ALBERDI','2024-12-11','2024-12-11','[{\"download_link\":\"publications\\/December2024\\/aoJ5IA6TaRavrroTH4Rf.pdf\",\"original_name\":\"DD N 23 2024 DUELO DEPARTAMENTAL DR ELOY 20241211.pdf\"}]',0,0,'2024-12-11 15:58:18','2024-12-11 15:58:18',NULL),(449,3,NULL,'DECRETO DE GOBERNACOÓN N° 11 2024','DESIGNA','REASIGNACION Y DESIGNACION DE: PEDRO MAXIMILIANO VILLALOBOS VARGAS SECRETARIO GENRAL DE GOBERNACION, MAYERLING CASTEDO MOLINA SECRETARIA DEPARTAMENTAL DE DESARROLLO HUMANO','2024-11-07','2024-11-04','[{\"download_link\":\"publications\\/December2024\\/2LqnnHWUAC4aKueX28kU.pdf\",\"original_name\":\"DG N 11 2024 DESIGNA DRA MAYERLIN20241217.pdf\"}]',0,0,'2024-12-17 15:36:14','2024-12-17 15:40:31',NULL),(450,1,NULL,'LEY DEPARTAMENTAL N° 139','INTEGRAL','LEY DEPARTAMENTAL DE APERTURA ACREDITACION, FUNCIONAMIENTO Y CIERRE DE CENTROS DE ATENCION INTEGRAL','2024-12-17','2024-12-11','[{\"download_link\":\"publications\\/December2024\\/yz5zOmwl7vLMgFrudg5O.pdf\",\"original_name\":\"LEY N 139 ATENCION INTEGRAL.pdf\"}]',1,0,'2024-12-17 16:04:14','2024-12-17 16:04:14',NULL),(451,3,NULL,'DECRETO DE GOBERNACIÓN N° 10/2024','DESIGNA','DESIGNACIÓN A JULIO CESAR GÓMEZ AÑEZ SECRETARIO DEPARTAMENTAL DE OBRAS PÚBLICAS Y SERVICIOS','2024-10-24','2024-10-24','[{\"download_link\":\"publications\\/December2024\\/qhraCDYYec2abep71Sz7.pdf\",\"original_name\":\"DG N 10 2024 DESIGNA SECRETARIO DE OBRAS PUBLICAS A I 20241223.pdf\"}]',0,0,'2024-12-23 11:05:29','2024-12-23 11:05:29',NULL),(452,6,NULL,'CONVENIO INTERGUBERNATIVO','CONVENIO','DE COOPERACIÓN INTERINSTITUCIONAL SUSCRITO ENTRE EL GAD BENI Y EL GAM SAN BORJA, REPARACIÓN, CAMBIO DE CUBIERTA Y CIELO FALSO DEL HOSPITAL DR. JOSÉ EDUARDO OLMOS MAEDA.','2024-07-23','2024-07-23','[{\"download_link\":\"publications\\/December2024\\/yB5lGtgDTTci1oBN5bVA.pdf\",\"original_name\":\"CONVENIO GAD BENI Y GAM SAN BORJA   20241223.pdf\"}]',1,0,'2024-12-23 16:43:09','2024-12-23 16:43:09',NULL),(453,6,NULL,'CONVENIO INTERINSTITUCIONAL','CONVENIO','SUSCRITO ENTRE EL INSTITUTO BOLIVIANO DE LA CEGUERA Y EL GAD BENI','2024-12-10','2024-12-10','[{\"download_link\":\"publications\\/December2024\\/eTzqJf1OQhsrxF0nDmKN.pdf\",\"original_name\":\"CONVENIO GAD BENI E INSTITUTO DE LA CEGUERA   20241223.pdf\"}]',0,0,'2024-12-23 16:45:45','2024-12-23 16:45:45',NULL),(454,6,NULL,'CONVENIO INTERINSTITUCIONAL','CONVENIO','SUSCRITO ENTRE EL GAD BENI Y EL COMANDO DEPARTAMENTAL DE LA POLICIA DEL BENI Y EL COMANDO DEL BATALLÓN DE SEGURIDAD FÍSICA ESTATAL','2024-12-16','2024-12-16','[{\"download_link\":\"publications\\/December2024\\/kqTCmOZti6tCLyMfk8jd.pdf\",\"original_name\":\"CONVENIO GAD BENI Y POLICIA BATALLON FISICA ESTATAL   20241223.pdf\"}]',0,0,'2024-12-23 16:48:24','2024-12-23 16:48:24',NULL),(456,2,NULL,'DECRETO DEPARTAMENTAL N° 24/2024','EMBANDERAMIENTO','EMBANDERAMIENTO DE EDIFICIOS Y ESPACIOS PÚBLICOS','2024-12-30','2024-12-30','[{\"download_link\":\"publications\\/January2025\\/3KoJjVeDoYgVVjFqbxtK.pdf\",\"original_name\":\"DD N 24 2024 EMBANDERAMIENTO.pdf\"}]',1,0,'2025-01-15 10:45:20','2025-01-15 10:45:20',NULL),(457,3,NULL,'DECRETO DE GOBERNACIÓN N° 13/2024','DESIGNA','DESIGNAR DE MANERA INTERINA Y AD HONOREN A ALEJANDRO HURTADO ROCA EN EL CARGO DE SUB GOBERNADOR DE LA PROVINCIA YACUMA','2024-12-27','2024-12-27','[{\"download_link\":\"publications\\/February2025\\/wiDsXAggZKzyZUWj0iYx.pdf\",\"original_name\":\"DG N 13 2024 DESIGNA SUB GOBER YACUMA20250226_11572775.pdf\"}]',0,0,'2025-02-26 12:00:05','2025-02-26 12:00:05',NULL),(458,2,NULL,'DECRETO DEPARTAMENTAL N° 06/2025','DECLARA','DECLARATORIA DE SITUACIÓN DE DESASTRE DEPARTAMENTAL POR LLUVIAS, INUNDACIONES Y GRAVE DETERIORO DE CAMINOS Y CARRETERAS DE LA RED VIAL DEPARTAMENTAL, QUE COMPROMETE LA TRANSITABILIDAD E INTERCONEXION ENTRE CIUDADES DEL DEPARTAMENTO DEL BENI','2025-03-24','2024-03-24','[{\"download_link\":\"publications\\/April2025\\/rUsINU4rzjQV4Odjfs1D.pdf\",\"original_name\":\"DD N 06 2025 DESASTRE DEPARTAMENTAL 20250326_14324234.pdf\"}]',1,0,'2025-04-02 10:30:43','2025-04-02 10:30:43',NULL),(459,2,NULL,'DECRETO DEPARTAMENTAL N° 07/2025','AUTO','AUTO DE BUEN GOBIERNO POR SEMANA SANTA','2025-04-04','2025-04-03','[{\"download_link\":\"publications\\/April2025\\/OlUw7LLxcXzeGpXjccu3.pdf\",\"original_name\":\"DD N 07 2025 AUTO DE BUEN GOBIERNO20250404_14202353.pdf\"}]',1,0,'2025-04-04 14:22:51','2025-04-04 14:22:51',NULL),(460,2,NULL,'DECRETO DEPARTAMENTAL N° 05/2025','EMERGENCIA','DECLARATORIA DE EMERGENCIA DEPARTAMENTAL POR SITUACION DE RIADAS E INUNDACIONES EN EL DEPARTAMENTO DEL BENI.','2025-03-14','2025-03-14','[{\"download_link\":\"publications\\/April2025\\/IJdVh9a3rjahnF5DTsml.pdf\",\"original_name\":\"DD N 05 2025 SITUACION DE EMERGENCIA POR RIADAS E INUNDACIONES20250407_19572146.pdf\"}]',1,0,'2025-04-07 20:02:59','2025-04-07 20:02:59',NULL),(461,2,NULL,'DECRETO DEPARTAMENTAL N° 02/2025','DUELO','DUELO DEPARTAMENTAL TATA ERNESTO NOE TAMO','2025-02-18','2025-02-18','[{\"download_link\":\"publications\\/April2025\\/DXgEpJupLYqG4JhwuUES.pdf\",\"original_name\":\"DD N 02 2025 DUELO DEPARTAMENTAL 20250407_20240191.pdf\"}]',0,0,'2025-04-07 20:26:02','2025-04-07 20:26:02',NULL),(462,2,NULL,'DECRETO DEPARTAMENTAL N° 01/2025','MODIFICA','MODIFICA DD N° 14/2024','2025-01-09','2025-01-09','[{\"download_link\":\"publications\\/April2025\\/D2ntTEyfKtm2yL3CxbNJ.pdf\",\"original_name\":\"DD N 01 2025 MODIFICA DD 14 2024   20250407_20303532.pdf\"}]',1,0,'2025-04-07 20:30:15','2025-04-07 20:30:15',NULL),(463,2,NULL,'DECRETO DEPARTAMENTAL N° 03/2025','DUELO','DUELO DEPARTAMENTAL POR 03 DIAS EN MEMORIA DE DR. JORGE HURTADO CUÉLLAR (CHINGOLO)','2025-03-11','2025-03-11','[{\"download_link\":\"publications\\/April2025\\/hInoQ7IDLXWLpafxENHd.pdf\",\"original_name\":\"DD N 03 2025 DUELO DEPARTAMENTAL 20250416_11552431.pdf\"}]',0,0,'2025-04-16 12:03:52','2025-04-16 12:03:52',NULL),(464,2,NULL,'DECRETO DEPARTAMENTAL N° 08/2025','SÍMBOLOS','USO DE LOS SIMBOLOS OFICIALES DEL DEPARTAMENTO DEL BENI','2025-04-07','2025-04-07','[{\"download_link\":\"publications\\/April2025\\/8zN795BHY3juq366zQ4Y.pdf\",\"original_name\":\"DD N 08 2025 USO DE LOS SIMBOLOS OFICIALES DEPARTAMENTALES 20250416_12180371.pdf\"}]',1,0,'2025-04-16 12:18:22','2025-04-16 12:18:22',NULL),(465,2,NULL,'DECRETO DEPARTAMENTAL N° 09/2025','MODIFICA','MODIFICA ESTRUCTURA DEL DECRETO DEPARTAMENTAL N° 14/2024','2025-04-09','2025-04-09','[{\"download_link\":\"publications\\/April2025\\/SBVVnRs7H6rF7D0RZLUt.pdf\",\"original_name\":\"DD N 09 2025 MODIFICA ESTRUCTURA DD 14 2024    20250416_12240897.pdf\"}]',1,0,'2025-04-16 12:24:22','2025-04-16 12:24:22',NULL),(466,2,NULL,'DECRETO DEPARTAMENTAL N° 10/2025','DUELO','DUELO DEPARTAMENTAL EN MEMORIA PAPA FRANCISCO','2025-04-21','2025-04-21','[{\"download_link\":\"publications\\/April2025\\/Vft6n0ATYaNseGmZAkYJ.pdf\",\"original_name\":\"DD N 10 2025 DUELO DPTAL PAPA FRANCISCO    20250421_16392827.pdf\"}]',1,0,'2025-04-21 16:41:00','2025-04-21 16:41:00',NULL),(467,2,NULL,'DECRETO DEPARTAMENTAL N° 11/2025','RECONOCIMIENTO','RECONOCIMIENTO POR ACTO HEROICO','2025-05-07','2025-05-07','[{\"download_link\":\"publications\\/May2025\\/fyOLDIMimmiMZ3Wx6ncf.pdf\",\"original_name\":\"DD N 11 2025 RECONOCIMIENTO POR ACTO HEROICO20250514_11410577.pdf\"}]',1,0,'2025-05-14 12:11:47','2025-05-14 12:11:47',NULL),(468,1,NULL,'LEY DEPARTAMENTAL N° 140','DECLARA','LEY DE DECLARACION DEL DIA DEPARTAMENTAL DEL TURISMO Y LA PRODUCCIÓN TRADICIONAL COMUNITARIA EN EL DEPARTAMENTO DEL BENI','2025-06-18','2025-06-13','[{\"download_link\":\"publications\\/June2025\\/D9ILZLSWro0HGHhZoc2o.pdf\",\"original_name\":\"LD N 140 DIA DPTAL DEL TURISMO.pdf\"}]',1,0,'2025-06-18 16:27:46','2025-06-18 17:13:38',NULL),(469,2,NULL,'DECRETO DEPARTAMENTAL N° 03/2020','REGLAMENTA','REGLAMENTAR LA LEY DEPARTAMENTAL N° 86 DE PERSDONALIDADES JURIDICAS','2020-02-13','2020-02-13','[{\"download_link\":\"publications\\/July2025\\/nS8X4uZcYM6b7f0X1GKd.pdf\",\"original_name\":\"D.D. N\\u00b0 03 DE 02-13-2020 REGLAMENTO DE LA LEY N\\u00b086 DE PJ.pdf\"}]',1,0,'2025-07-07 11:27:09','2025-07-07 11:27:09',NULL);
/*!40000 ALTER TABLE `publications` ENABLE KEYS */;
UNLOCK TABLES;

--
-- Table structure for table `publications_types`
--

DROP TABLE IF EXISTS `publications_types`;
/*!40101 SET @saved_cs_client     = @@character_set_client */;
/*!40101 SET character_set_client = utf8 */;
CREATE TABLE `publications_types` (
  `id` bigint(20) unsigned NOT NULL AUTO_INCREMENT,
  `title` varchar(255) DEFAULT NULL,
  `slug` varchar(255) NOT NULL,
  `icon` varchar(255) DEFAULT NULL,
  `image` varchar(255) DEFAULT NULL,
  `description` text DEFAULT NULL,
  `created_at` timestamp NULL DEFAULT NULL,
  `updated_at` timestamp NULL DEFAULT NULL,
  `deleted_at` timestamp NULL DEFAULT NULL,
  PRIMARY KEY (`id`),
  UNIQUE KEY `publications_types_slug_unique` (`slug`)
) ENGINE=InnoDB AUTO_INCREMENT=7 DEFAULT CHARSET=utf8mb4 COLLATE=utf8mb4_unicode_ci;
/*!40101 SET character_set_client = @saved_cs_client */;

--
-- Dumping data for table `publications_types`
--

LOCK TABLES `publications_types` WRITE;
/*!40000 ALTER TABLE `publications_types` DISABLE KEYS */;
INSERT INTO `publications_types` VALUES (1,'Leyes','leyes','journal-bookmark',NULL,'Son normas jurídicas de carácter general y de cumplimiento obligatorio en la jurisdicción del Departamento del Beni, que son sancionadas por la Asamblea Legislativa Departamental y promulgadas por la Gobernadora o Gobernador del Departamento.','2021-10-06 12:49:29','2021-10-11 21:20:43',NULL),(2,'Decretos Departamentales','decretos-departamentales','book',NULL,'Serán firmados por la Gobernadora o el Gobernador o conjuntamente con las Secretarias o Secretarios cuando emerjan de decisiones adoptadas en Gabinete y para aprobación de reglamentación a leyes departamentales.','2021-10-06 14:53:00','2022-10-14 10:16:22',NULL),(3,'Decretos de Gobernación','decretos-de-gobernacion','newspaper',NULL,'Otorgación de reconocimientos a personas naturales o jurídicas, aprobación de reglamentos específicos, reglamentos internos y manuales, designación de Directoras o Directores de Servicios Desconcentrados o Direcciones Desconcentradas, personerías jurídicas y otros.','2021-10-06 14:54:42','2022-10-14 10:32:09',NULL),(4,'Resoluciones de Gobernación','resoluciones-de-gobernacion','chat-left-text',NULL,'Firmadas por el Secretario o Secretaria Departamental sobre asuntos sometidos a sus funciones y atribuciones.','2021-10-06 14:56:06','2022-10-14 10:32:37',NULL),(5,'Resoluciones Administrativas de Gobernación','resoluciones-administrativas-de-gobernacion','bi bi-box',NULL,NULL,'2022-10-14 10:18:32','2022-10-14 10:18:32',NULL),(6,'Convenios Intergubernativo e Institucionales','convenios-intergubernativo-e-institucionales','bi bi-book',NULL,'Los acuerdos o convenios intergubernativos son aquellos suscritos entre gobiernos autónomos y éstos con el nivel central del Estado, destinados al ejercicio coordinado de sus competencias y la implementación conjunta de planes, programas o proyectos concurrentes en el marco de las competencias exclusivas, concurrentes y compartidas, conforme a la Ley N° 492.\r\nLos acuerdos o convenios interinstitucionales, son aquellos que se suscriben con entidades privadas o entidades públicas siempre que sean sobre causales distintas a las establecidas por la Ley N° 492.','2024-09-19 12:25:13','2024-09-19 12:25:13',NULL);
/*!40000 ALTER TABLE `publications_types` ENABLE KEYS */;
UNLOCK TABLES;

--
-- Table structure for table `roles`
--

DROP TABLE IF EXISTS `roles`;
/*!40101 SET @saved_cs_client     = @@character_set_client */;
/*!40101 SET character_set_client = utf8 */;
CREATE TABLE `roles` (
  `id` bigint(20) unsigned NOT NULL AUTO_INCREMENT,
  `name` varchar(255) NOT NULL,
  `display_name` varchar(255) NOT NULL,
  `created_at` timestamp NULL DEFAULT NULL,
  `updated_at` timestamp NULL DEFAULT NULL,
  PRIMARY KEY (`id`),
  UNIQUE KEY `roles_name_unique` (`name`)
) ENGINE=InnoDB AUTO_INCREMENT=4 DEFAULT CHARSET=utf8mb4 COLLATE=utf8mb4_unicode_ci;
/*!40101 SET character_set_client = @saved_cs_client */;

--
-- Dumping data for table `roles`
--

LOCK TABLES `roles` WRITE;
/*!40000 ALTER TABLE `roles` DISABLE KEYS */;
INSERT INTO `roles` VALUES (1,'admin','Administrador','2021-10-11 21:39:43','2021-10-11 21:39:43'),(2,'user','Usuario Normal','2021-10-11 21:39:43','2021-10-11 21:39:43'),(3,'publicador','Publicador','2021-10-12 09:21:23','2021-10-12 09:21:23');
/*!40000 ALTER TABLE `roles` ENABLE KEYS */;
UNLOCK TABLES;

--
-- Table structure for table `settings`
--

DROP TABLE IF EXISTS `settings`;
/*!40101 SET @saved_cs_client     = @@character_set_client */;
/*!40101 SET character_set_client = utf8 */;
CREATE TABLE `settings` (
  `id` int(10) unsigned NOT NULL AUTO_INCREMENT,
  `key` varchar(255) NOT NULL,
  `display_name` varchar(255) NOT NULL,
  `value` text DEFAULT NULL,
  `details` text DEFAULT NULL,
  `type` varchar(255) NOT NULL,
  `order` int(11) NOT NULL DEFAULT 1,
  `group` varchar(255) DEFAULT NULL,
  PRIMARY KEY (`id`),
  UNIQUE KEY `settings_key_unique` (`key`)
) ENGINE=InnoDB AUTO_INCREMENT=21 DEFAULT CHARSET=utf8mb4 COLLATE=utf8mb4_unicode_ci;
/*!40101 SET character_set_client = @saved_cs_client */;

--
-- Dumping data for table `settings`
--

LOCK TABLES `settings` WRITE;
/*!40000 ALTER TABLE `settings` DISABLE KEYS */;
INSERT INTO `settings` VALUES (1,'site.title','Site Title','Gaceta','','text',1,'Site'),(2,'site.description','Site Description','Publicación de Leyes, Decretos y Resoluciones','','text',2,'Site'),(3,'site.logo','Site Logo','','','image',3,'Site'),(4,'site.google_analytics_tracking_id','Google Analytics Tracking ID',NULL,'','text',11,'Site'),(5,'admin.bg_image','Admin Background Image','','','image',4,'Admin'),(6,'admin.title','Admin Title','Gaceta','','text',1,'Admin'),(7,'admin.description','Admin Description','Sistema para administración de publicaciones de leyes, decretos y resoluciones.','','text',1,'Admin'),(8,'admin.loader','Admin Loader','','','image',2,'Admin'),(9,'admin.icon_image','Admin Icon Image','','','image',3,'Admin'),(10,'admin.google_analytics_client_id','Google Analytics Client ID (used for admin dashboard)',NULL,'','text',5,'Admin'),(11,'site.banner','Site Banner','',NULL,'image',4,'Site'),(13,'site.background','Site Background','',NULL,'image',7,'Site'),(14,'site.phone','Site Phone','+591 73961213',NULL,'text',8,'Site'),(15,'site.address','Site Address','Plaza Principal acera sur',NULL,'text',9,'Site'),(16,'site.email','Site Email','despacho@beni.gob.bo',NULL,'text',10,'Site'),(17,'social.facebook','Facebook','https://www.facebook.com/gobernacionbeni2021',NULL,'text',12,'Social'),(18,'social.twitter','Twitter','https://twitter.com/GobernacionDel?t=1JVtJO8ZGzxwYM9IHCTi_g&s=09',NULL,'text',13,'Social'),(19,'social.youtube','Youtube','https://www.youtube.com/channel/UCe4xeIRrVmlWQwzP2ZmbbmQ',NULL,'text',14,'Social'),(20,'social.instagram','Instagram','#',NULL,'text',15,'Social');
/*!40000 ALTER TABLE `settings` ENABLE KEYS */;
UNLOCK TABLES;

--
-- Table structure for table `translations`
--

DROP TABLE IF EXISTS `translations`;
/*!40101 SET @saved_cs_client     = @@character_set_client */;
/*!40101 SET character_set_client = utf8 */;
CREATE TABLE `translations` (
  `id` int(10) unsigned NOT NULL AUTO_INCREMENT,
  `table_name` varchar(255) NOT NULL,
  `column_name` varchar(255) NOT NULL,
  `foreign_key` int(10) unsigned NOT NULL,
  `locale` varchar(255) NOT NULL,
  `value` text NOT NULL,
  `created_at` timestamp NULL DEFAULT NULL,
  `updated_at` timestamp NULL DEFAULT NULL,
  PRIMARY KEY (`id`),
  UNIQUE KEY `translations_table_name_column_name_foreign_key_locale_unique` (`table_name`,`column_name`,`foreign_key`,`locale`)
) ENGINE=InnoDB DEFAULT CHARSET=utf8mb4 COLLATE=utf8mb4_unicode_ci;
/*!40101 SET character_set_client = @saved_cs_client */;

--
-- Dumping data for table `translations`
--

LOCK TABLES `translations` WRITE;
/*!40000 ALTER TABLE `translations` DISABLE KEYS */;
/*!40000 ALTER TABLE `translations` ENABLE KEYS */;
UNLOCK TABLES;

--
-- Table structure for table `user_roles`
--

DROP TABLE IF EXISTS `user_roles`;
/*!40101 SET @saved_cs_client     = @@character_set_client */;
/*!40101 SET character_set_client = utf8 */;
CREATE TABLE `user_roles` (
  `user_id` bigint(20) unsigned NOT NULL,
  `role_id` bigint(20) unsigned NOT NULL,
  PRIMARY KEY (`user_id`,`role_id`),
  KEY `user_roles_user_id_index` (`user_id`),
  KEY `user_roles_role_id_index` (`role_id`),
  CONSTRAINT `user_roles_role_id_foreign` FOREIGN KEY (`role_id`) REFERENCES `roles` (`id`) ON DELETE CASCADE,
  CONSTRAINT `user_roles_user_id_foreign` FOREIGN KEY (`user_id`) REFERENCES `users` (`id`) ON DELETE CASCADE
) ENGINE=InnoDB DEFAULT CHARSET=utf8mb4 COLLATE=utf8mb4_unicode_ci;
/*!40101 SET character_set_client = @saved_cs_client */;

--
-- Dumping data for table `user_roles`
--

LOCK TABLES `user_roles` WRITE;
/*!40000 ALTER TABLE `user_roles` DISABLE KEYS */;
/*!40000 ALTER TABLE `user_roles` ENABLE KEYS */;
UNLOCK TABLES;

--
-- Table structure for table `users`
--

DROP TABLE IF EXISTS `users`;
/*!40101 SET @saved_cs_client     = @@character_set_client */;
/*!40101 SET character_set_client = utf8 */;
CREATE TABLE `users` (
  `id` bigint(20) unsigned NOT NULL AUTO_INCREMENT,
  `role_id` bigint(20) unsigned DEFAULT NULL,
  `name` varchar(255) NOT NULL,
  `email` varchar(255) NOT NULL,
  `avatar` varchar(255) DEFAULT 'users/default.png',
  `email_verified_at` timestamp NULL DEFAULT NULL,
  `password` varchar(255) NOT NULL,
  `remember_token` varchar(100) DEFAULT NULL,
  `settings` text DEFAULT NULL,
  `created_at` timestamp NULL DEFAULT NULL,
  `updated_at` timestamp NULL DEFAULT NULL,
  PRIMARY KEY (`id`),
  UNIQUE KEY `users_email_unique` (`email`),
  KEY `users_role_id_foreign` (`role_id`),
  CONSTRAINT `users_role_id_foreign` FOREIGN KEY (`role_id`) REFERENCES `roles` (`id`)
) ENGINE=InnoDB AUTO_INCREMENT=6 DEFAULT CHARSET=utf8mb4 COLLATE=utf8mb4_unicode_ci;
/*!40101 SET character_set_client = @saved_cs_client */;

--
-- Dumping data for table `users`
--

LOCK TABLES `users` WRITE;
/*!40000 ALTER TABLE `users` DISABLE KEYS */;
INSERT INTO `users` VALUES (2,3,'wilson villarroel justiniano','wilson.justiniano@beni.gob.bo','users/default.png',NULL,'$2y$10$0L.kRxwH4su9BNx8f00mteFBLpitLFAhBa3oZTEqcel55AjaJj3eC','sqKEn89wDNYMRwsqscFdfpVh7TwO8DTZKozuDAlEUMCAxKwidyHwnWphfFWU','{\"locale\":\"es\"}','2021-10-13 12:23:20','2021-10-13 12:23:20'),(4,1,'Admin','admin@beni.gob.bo','users/default.png',NULL,'$2y$10$B/LyS8nGH4lUJUVepWb9U.3MTZb6K1WnQ74/7baPUF9CC.39X3fHW',NULL,NULL,'2022-01-31 14:23:37','2022-01-31 14:23:37'),(5,3,'gacetas','gacetas@beni.gob.bo','users/default.png',NULL,'$2y$10$ynTtAU4jiXbstCqifgrpoeFdSfpYGfwmHZfMg../FqpqqQkl/oeVO','i148zsdh04c6pK73zse5wDfporJTB9Ox3VFr7L7WIuTgqK2IjNOpXnV0HR3d','{\"locale\":\"es\"}','2022-01-31 14:25:20','2022-01-31 14:25:20');
/*!40000 ALTER TABLE `users` ENABLE KEYS */;
UNLOCK TABLES;
/*!40103 SET TIME_ZONE=@OLD_TIME_ZONE */;

/*!40101 SET SQL_MODE=@OLD_SQL_MODE */;
/*!40014 SET FOREIGN_KEY_CHECKS=@OLD_FOREIGN_KEY_CHECKS */;
/*!40014 SET UNIQUE_CHECKS=@OLD_UNIQUE_CHECKS */;
/*!40101 SET CHARACTER_SET_CLIENT=@OLD_CHARACTER_SET_CLIENT */;
/*!40101 SET CHARACTER_SET_RESULTS=@OLD_CHARACTER_SET_RESULTS */;
/*!40101 SET COLLATION_CONNECTION=@OLD_COLLATION_CONNECTION */;
/*!40111 SET SQL_NOTES=@OLD_SQL_NOTES */;

-- Dump completed on 2025-07-28 16:04:11
